date,close_price,volume,high_price,low_price
2020-01-01,97.93045402307816,115828,99.06902278002798,97.84266024937081
2020-01-02,99.98343105936667,80147,100.64513235493796,98.7313134870322
2020-01-03,100.63137148248869,190335,100.64937226179494,99.89138116491674
2020-01-06,97.72311850475295,109879,98.11694446299201,97.60132142733472
2020-01-07,96.67609398084728,157126,98.26846110581529,96.01266141635651
2020-01-08,100.00246985559151,126907,100.69212705316511,99.85576228846189
2020-01-09,95.34112974702943,184903,96.94101941239964,94.67489970486479
2020-01-10,94.60241902257101,98193,95.72262400189656,93.65244873979039
2020-01-13,97.10586469384161,183989,97.79684348897658,96.75893335408334
2020-01-14,95.51343936519909,197776,97.18904334041584,94.75026516334803
2020-01-15,94.30075923602313,246174,94.97773579748957,93.73937194056896
2020-01-16,94.19763371906352,435340,94.97306114026748,93.95931450469176
2020-01-17,97.12733543233945,57179,98.61913124073762,96.49575922427837
2020-01-20,95.97088019009888,191024,97.22592982992592,95.75204250783503
2020-01-21,95.19859420247056,114167,95.75889457499383,92.98002570458603
2020-01-22,94.4507136147244,62160,94.49707835984907,93.7400978195153
2020-01-23,98.79003615648219,247908,99.12760169174454,98.53846308281514
2020-01-24,103.28916405784862,316823,103.80988455710934,102.54845066199051
2020-01-27,105.46862874051806,133811,107.12173550391513,104.13524403568141
2020-01-28,106.3714569073879,180856,106.9375174470982,104.75317403293545
2020-01-29,108.03817644752563,157623,108.16123669669963,107.5778047328908
2020-01-30,111.39687676186003,202217,112.89661292400218,110.70945186407847
2020-01-31,109.41878816351543,252778,110.27002599481943,108.71228908217131
2020-02-03,112.11209224024923,193390,113.48316387592854,109.74173068619844
2020-02-04,109.42305202766795,193471,109.62781874256889,108.86468479141128
2020-02-05,108.12268460605294,305549,109.15875470901648,106.9162519635712
2020-02-06,110.190276179572,149891,111.08416775454843,109.8608818871725
2020-02-07,107.17200218592637,258210,108.07086799569109,104.22170241683055
2020-02-10,106.95772537953194,107904,107.70527563487754,104.80783365594246
2020-02-11,105.21423118361281,363502,105.36769609451628,104.70458943725048
2020-02-12,104.76148357082569,235369,105.0780252380478,104.29988216489085
2020-02-13,99.13815665288365,133002,99.22943341615293,98.79236915930692
2020-02-14,95.76370365717638,56541,96.22583767928633,94.8879428251326
2020-02-17,94.50816116103879,162729,95.0140032792963,94.42291061539663
2020-02-18,96.35462934697401,90137,96.48309752144269,95.72780995648445
2020-02-19,96.09744485666563,189059,96.59120709966628,95.09581346756912
2020-02-20,96.17982781015992,336241,96.83848749604387,95.96303076095433
2020-02-21,97.5908852067194,176315,97.89044694573569,96.87990835079766
2020-02-24,95.96594346194107,148894,96.18714358069361,95.5434588856043
2020-02-25,96.58910202697125,193126,98.44700594420544,95.96622026224249
2020-02-26,95.12183932037884,187742,95.62502514115134,94.27886909700968
2020-02-27,91.96473599388398,49939,92.08864555158324,91.88711036907691
2020-02-28,91.32158730316205,183591,91.52269922937928,90.4502505123228
2020-03-02,92.44957128211782,221934,93.13754910458375,91.46040652084906
2020-03-03,93.15223604603288,142961,93.24283713980833,92.54543423674365
2020-03-04,93.20473188101363,265475,93.79880111965197,92.33754363873318
2020-03-05,97.85098859674483,152689,98.35159822333307,97.2957539133389
2020-03-06,98.74137322153014,238828,99.97176771775439,98.42327199008476
2020-03-09,100.7738361863455,507145,101.25027979065662,100.19067324633063
2020-03-10,105.47158994938428,155096,105.9626907892044,104.51324811179009
2020-03-11,102.85908251982892,61631,103.67852777969247,101.83840043410542
2020-03-12,100.82477976265977,137544,101.66876724487115,100.60881530811818
2020-03-13,104.48655479799311,68669,105.62975274731791,103.01326345564658
2020-03-16,102.91435589729356,220933,103.08601446110777,101.18379577173789
2020-03-17,103.05788398433997,313224,105.10695744011285,101.94399553824827
2020-03-18,105.36991197239051,230484,107.21644903398351,104.52289311229886
2020-03-19,107.3496493630332,191023,108.00239984675204,107.10182159321047
2020-03-20,111.27326042485114,117893,112.79683459773638,110.8742888217176
2020-03-23,114.74380544149909,357834,115.54384795555873,113.94790039162504
2020-03-24,117.31817846718913,237195,118.28015120141299,117.26815160171338
2020-03-25,115.61151286210804,187631,116.93816366974487,115.11814839625295
2020-03-26,117.55811380222372,180309,118.18100943129568,117.29044672720605
2020-03-27,118.39402264497348,172097,120.1150088031221,115.90242128183222
2020-03-30,115.38714209656824,204047,116.28954367730223,113.24479324105162
2020-03-31,118.79970318572894,119770,118.96275686959882,118.54462470760068
2020-04-01,120.82988402031117,348929,121.32783801753695,120.3552308860974
2020-04-02,121.03665586990952,175636,122.88131090820507,119.66693948073231
2020-04-03,120.57013292175647,219701,120.72678024524957,120.36727402717732
2020-04-06,117.80910693540359,131034,118.70212556752234,117.45229034687769
2020-04-07,118.37482322414128,196311,119.08316475485208,117.94963834373222
2020-04-08,119.58469206286821,52006,120.27087491939356,118.60049905913705
2020-04-09,117.70738315099764,93046,117.96415888075127,116.41625015054863
2020-04-10,120.57184771411438,160218,121.31985303388097,120.17327365318039
2020-04-13,118.0492323676518,84016,118.71958850735186,117.94585911158619
2020-04-14,113.23210672942636,551119,114.73066149441439,111.62497921895964
2020-04-15,115.70389470390174,70682,116.66371305828372,115.64314527416668
2020-04-16,114.86608538951523,193484,115.74082346685924,113.1992948358399
2020-04-17,114.6686176850266,372460,115.10172628728796,114.65614888751377
2020-04-20,112.85412423904131,207035,114.19419164719879,111.92485799141852
2020-04-21,109.37439285087869,139369,109.89690973412904,108.92243309247942
2020-04-22,112.24472599667901,123491,113.46146724028438,112.14234108846861
2020-04-23,110.79749451779533,227892,110.8083207326,109.90334479450479
2020-04-24,114.63156597551412,109083,116.40684467780997,113.40363278744124
2020-04-27,116.5906841456227,153316,116.75380308442158,115.62459754926562
2020-04-28,115.95175645329923,229945,116.4287445870864,114.5764358905821
2020-04-29,113.55146427994876,139533,114.60234557932841,112.69253586204381
2020-04-30,111.98970239856274,170034,112.48069986185918,111.49075946937266
2020-05-01,109.39404569380649,139798,110.01555625128006,108.60011776354474
2020-05-04,114.14832837591604,100217,114.97064301814396,113.94560726915624
2020-05-05,114.61601636504557,294954,116.42706817488488,114.58947643392925
2020-05-06,117.37708068927645,326613,118.86802884738586,117.17433422563481
2020-05-07,114.53089629623786,138919,114.66234163890978,113.02671237101382
2020-05-08,115.03832409366976,142516,115.85830606776872,114.96007853961233
2020-05-11,117.87474346394107,148902,118.15065394416717,116.99602014076108
2020-05-12,117.18130483657556,213075,119.34602671146239,116.33751659920513
2020-05-13,119.71867776774545,103502,120.44166996031454,117.21931241116278
2020-05-14,117.24353653561126,155707,118.86032368323721,115.62168816660166
2020-05-15,114.18087906179746,185624,114.68698803321955,113.37649188550957
2020-05-18,115.14265773965985,224363,115.42388522112172,114.31415916547748
2020-05-19,114.36422745439549,40521,117.70369642801508,114.17102721437797
2020-05-20,115.93496957023181,199127,116.05774535784944,115.74687231390408
2020-05-21,111.52755251409772,193478,112.27018927789624,111.5136459833022
2020-05-22,113.21820346473794,269376,113.41076999626668,113.19057810337357
2020-05-25,119.3527076756833,125099,119.57342641527653,118.8165468876399
2020-05-26,119.38941193319368,125595,122.08974595711086,118.89557763606092
2020-05-27,119.56657895953593,296931,120.91222934439023,119.49065924813216
2020-05-28,120.09274893339925,74490,120.164066994366,119.70333615567063
2020-05-29,115.79539966613123,367524,118.79103687856389,115.5712014990508
2020-06-01,116.88000036893192,584169,117.62379082459739,116.68512972350345
2020-06-02,113.27738844729379,206638,113.86606510366346,112.251261832296
2020-06-03,112.4024780310489,244519,114.1746423671461,111.51186467422013
2020-06-04,115.32374818901714,77281,115.78311497449761,114.1420968990628
2020-06-05,113.73134400424047,115003,113.85805244649437,112.31531506670834
2020-06-08,114.96917114423933,276214,115.03906465921233,114.1408536236783
2020-06-09,117.41548480177319,195029,117.85048732778773,117.3815854787197
2020-06-10,118.1663779048551,148640,118.49724838919329,117.8102973541929
2020-06-11,115.06240624980914,182852,116.29659696471752,114.55355923527328
2020-06-12,114.39131276686116,209711,114.82982630103895,113.80480253408676
2020-06-15,119.05830910191138,140568,119.06552488549744,117.36741306468848
2020-06-16,114.4241834384009,160416,116.05950596122857,113.79607342251899
2020-06-17,113.88586128229899,159826,114.79987441339328,113.62303261392776
2020-06-18,112.72537698496325,96168,114.84786316681222,111.3536048512525
2020-06-19,113.08836631016983,191338,113.4316387344636,112.61676730736313
2020-06-22,114.8852527664007,401030,115.49151737003052,113.05584735022465
2020-06-23,118.73660630660203,386923,121.46983329147548,118.30856338026375
2020-06-24,118.19112289214824,77792,119.9887014384427,116.72456151854064
2020-06-25,120.22317730088827,216493,120.6310090195293,119.47555011580461
2020-06-26,121.52799274573296,228148,123.0622065285917,120.23517955178102
2020-06-29,122.78459686750314,132553,123.05482657278161,121.83319618328257
2020-06-30,121.5047183933973,100498,123.31178670759464,120.75500219873342
2020-07-01,119.20046637488811,84085,120.23873252812588,119.06651719017493
2020-07-02,116.69991429784798,130306,117.367704755858,114.15782829235617
2020-07-03,115.03967406355085,193881,117.26287025181672,113.40962215284458
2020-07-06,115.87485728328282,150387,116.23472546541537,115.65977262396497
2020-07-07,117.7460021265613,119914,118.79675185803009,116.06276937237905
2020-07-08,118.60506082898988,87153,120.59973929313692,118.3270449710177
2020-07-09,117.403891609565,193950,118.0609308105588,114.80398583306692
2020-07-10,121.81938017260097,277415,124.28537509377904,121.64085605257826
2020-07-13,125.6772069012773,102389,126.70669091626972,125.47416442390414
2020-07-14,124.89042683461025,203661,125.07531965437055,124.08900927784167
2020-07-15,122.94881609207849,63593,124.20437704021766,122.15331467402952
2020-07-16,123.36808388554212,117156,123.93028289489314,123.057989227765
2020-07-17,126.6362003308614,234404,128.13487353283256,125.60811331965199
2020-07-20,127.58383921418579,93070,127.70374417701538,126.65789704811003
2020-07-21,129.11515557817643,120304,129.5463142217507,128.17402543538245
2020-07-22,128.6715563269753,330705,128.68811652103577,127.15579823051007
2020-07-23,129.95503428675858,112823,130.214287858431,129.3098473068314
2020-07-24,134.13937744126957,106194,134.55973278202305,133.077154353245
2020-07-27,133.60477666173617,217058,133.84675179539954,133.55347945020958
2020-07-28,134.0954914034153,432512,135.25733963850612,132.00540754013184
2020-07-29,134.88580048362016,144374,135.0430663832537,134.75369969991078
2020-07-30,135.76195282527095,239035,138.0562357593763,135.735102893393
2020-07-31,132.08758531897777,318980,132.7734186476132,130.06867524676787
2020-08-03,127.32308782287325,191525,129.20531818849994,125.1188632645464
2020-08-04,124.85271382314988,142207,125.75196552329804,124.07569503968422
2020-08-05,125.37303824572732,105012,126.2165301640374,124.00688958336792
2020-08-06,126.8709873359122,79809,128.44788954371546,125.59274604191144
2020-08-07,125.63202921413898,283750,127.11973496997209,125.31920355274212
2020-08-10,129.24403750676169,178167,132.9560020129371,128.5104475590495
2020-08-11,128.9776148955126,316918,129.68498662072034,128.8577899896066
2020-08-12,129.1332970497257,266855,130.99637945306813,126.33393530809963
2020-08-13,128.73627139488565,119552,130.09365124255373,126.55760271947511
2020-08-14,129.18512327271242,89909,131.07176543216391,128.25832470136353
2020-08-17,131.12301406596413,200052,132.2490484417525,129.5336890545929
2020-08-18,132.98668228463873,118627,135.2836746750729,132.76323415548325
2020-08-19,130.72299353351798,196485,131.51608787383492,127.52313925134861
2020-08-20,134.8757260541709,112918,136.86629778654637,133.7172168229561
2020-08-21,132.0595923066217,105808,133.09469564132937,130.65658087707382
2020-08-24,132.37486947023515,151676,132.90503661383053,130.79200148530975
2020-08-25,131.7557574649123,259639,132.0397371882718,131.64574634015673
2020-08-26,129.12359582541592,189713,130.7733598154525,128.92898834616614
2020-08-27,129.03292973947248,293369,129.97648140676415,128.8710582455345
2020-08-28,127.23698428709183,87835,129.73487235891946,126.77696452038019
2020-08-31,127.52462847876131,95938,128.82616640406314,127.42800050920528
2020-09-01,128.65973801318324,155658,129.37063111664483,128.1938579302868
2020-09-02,132.60964558675724,480628,133.02648321291915,131.55716886402303
2020-09-03,133.53418352898063,228009,135.4096200771233,132.97788831278288
2020-09-04,132.01730264687848,95482,132.02456141184086,131.2854434738181
2020-09-07,131.09216145990473,156675,132.43703603386595,131.06464134760765
2020-09-08,131.5648861293139,181744,131.62826201839607,130.92726266236292
2020-09-09,131.91653040451808,122474,132.0377030964351,131.03140882230957
2020-09-10,135.9328702151942,221159,137.28341791180588,134.7257980150178
2020-09-11,139.891653736579,150508,141.04973067578948,139.20066029722312
2020-09-14,139.0021641711668,140131,139.1973624510218,138.67930217275233
2020-09-15,137.59528515117924,305629,138.13959644475852,136.40477329170426
2020-09-16,130.84004779206145,69228,131.8617889856692,129.32510683870774
2020-09-17,129.51505894579572,100619,129.72833294131357,128.61794022841025
2020-09-18,127.10785850008455,108157,128.0920879029014,127.107710249027
2020-09-21,126.3100396114835,106527,126.62180853748609,124.26669852148991
2020-09-22,127.40502706112595,113054,127.87049058712599,126.3947274438433
2020-09-23,127.9596586979659,207780,130.75469905650428,127.61101611263598
2020-09-24,127.98533508161792,281606,128.39001821661745,127.83368127390679
2020-09-25,128.60006662760034,257305,129.54309931104567,126.30261508207964
2020-09-28,128.37876223721534,97754,129.33677325773078,127.00642456266888
2020-09-29,128.98877087460926,154244,129.11384307773992,127.37465073475806
2020-09-30,121.01375936967504,204052,121.65225776659226,120.466660627738
2020-10-01,120.46007655478694,183505,121.6321673157793,119.46565179774159
2020-10-02,120.28950376973644,312660,122.03154665036166,119.98179317694228
2020-10-05,119.56691040601028,116114,121.05784970976543,117.23196141106547
2020-10-06,119.14213702714784,175985,119.36876272943853,117.92861707455039
2020-10-07,120.9265590713591,133704,120.93424501312226,118.23449474904724
2020-10-08,119.58426925261965,184524,121.06666344290005,118.8168711657819
2020-10-09,125.06521820272509,94897,126.35252821545329,121.6756261390436
2020-10-12,126.90024247393448,102286,127.22388479475092,124.91124019729104
2020-10-13,126.98578365244508,112977,127.76010093939392,125.62558977269063
2020-10-14,126.56321344539565,122781,128.38657674751525,125.18433795291918
2020-10-15,126.44550801191924,352907,127.24395400944346,126.2093967486106
2020-10-16,124.25119805920663,292933,124.46894959420219,122.54832089131017
2020-10-19,124.11409412521192,146338,124.1288734725312,123.03841419949153
2020-10-20,124.90768279477797,177453,126.67863861810436,122.38452732044995
2020-10-21,126.46502138219395,73334,127.32380019040835,126.30622832075247
2020-10-22,128.04215616053068,148799,128.82644682841143,127.76364197898124
2020-10-23,127.44208215320162,176276,127.5019942747658,126.39444638091213
2020-10-26,123.98249158241981,288613,124.97953522480132,123.72934056490324
2020-10-27,122.43231004442094,191645,122.53719640130326,121.3943472425397
2020-10-28,126.54553034056428,202085,129.05903203097432,125.67221910856578
2020-10-29,128.93692526084703,188882,130.09581429730588,128.76720788562486
2020-10-30,129.99756571950758,186185,130.31019133800964,129.60576609332614
2020-11-02,128.13569763585255,80952,128.6653121548674,126.35336831074176
2020-11-03,128.24759651480628,132140,129.55440461470275,125.62302575652674
2020-11-04,125.1670655735503,333515,125.2764728634317,125.15712043618649
2020-11-05,123.89205125072256,245720,124.13349425709188,122.55668677855186
2020-11-06,123.38463194581544,208379,123.66325224414962,121.86894597610953
2020-11-09,122.59347087175409,168275,123.14961367526539,119.45879296454785
2020-11-10,125.06152361948415,226323,126.81019741395609,124.11887262836328
2020-11-11,121.66012384990064,101473,122.01071648744654,121.0549196338979
2020-11-12,119.66816749253941,73863,120.32283509703082,119.52415785426608
2020-11-13,116.51603255574695,134451,118.26297603585657,116.49018257075954
2020-11-16,113.75895929788085,212981,115.5612012374639,112.98947641562862
2020-11-17,114.13282887848686,171770,114.43094019908504,112.55014588369237
2020-11-18,110.62588740715509,270216,110.6681153699377,109.94848407757245
2020-11-19,112.39635415973879,194021,114.14474726934803,112.24442076407547
2020-11-20,111.93240754978274,166445,112.01823784651363,110.66859696014359
2020-11-23,112.17621148329597,316077,114.81886530610055,111.56560291667822
2020-11-24,112.99261770160072,286698,113.78982324555595,111.83996115449715
2020-11-25,112.10536142513425,154964,113.76259865578717,112.03473533185588
2020-11-26,114.53595033215218,93758,115.96900689379652,113.73256222917034
2020-11-27,114.18293964113641,103395,114.78165143749223,113.35242532526907
2020-11-30,115.64016002690896,150132,117.56854451461736,115.05900998520161
2020-12-01,115.2727493048319,135482,117.64019829200194,114.10686939540781
2020-12-02,116.03809485053402,372831,116.17339847840995,114.49708732132164
2020-12-03,116.78233230969177,70258,116.89571987447385,116.4394470022912
2020-12-04,117.46156729984152,157608,118.87485648151475,116.75638119959184
2020-12-07,115.28704204616493,95500,115.37893600899912,113.78054888951034
2020-12-08,116.38952637914528,172542,116.66959588247359,114.57894423450443
2020-12-09,115.74198099508975,197034,115.92242295263448,115.32944935099158
2020-12-10,117.30450638385126,132926,117.89316045942313,116.61816669091135
2020-12-11,112.45164461830353,212190,112.86905107239436,112.13399095278191
2020-12-14,109.29175734248744,147367,109.86556972938398,108.57735532901037
2020-12-15,110.17719026787674,148791,111.57989821474726,109.68939209784041
2020-12-16,114.45118979782818,132065,115.45970275169373,113.91964763424821
2020-12-17,116.47185048461598,225350,117.2398833986322,116.3775477980489
2020-12-18,114.98487504707946,174425,115.01889701923521,113.21283392410943
2020-12-21,111.24773375266028,357403,111.63227335608474,110.7370572734799
2020-12-22,113.00287654056014,307125,115.43931533991345,112.67348619440666
2020-12-23,112.91119333698887,214676,113.22174445390087,112.81079578927523
2020-12-24,114.34448548389562,55286,114.5438378693664,114.30629670857014
2020-12-25,114.70018865015972,77484,115.52015824726205,114.32290612307816
2020-12-28,114.8600610971509,266498,115.99175725410402,113.58991268770285
2020-12-29,121.95925777332859,128306,121.97377393888966,121.67581226166189
2020-12-30,122.04190105771369,183033,122.458984829638,122.02809731483903
2020-12-31,121.75118961438834,118748,121.7520165053774,121.64629887729706
2021-01-01,121.55302160097202,210858,122.22226499709004,120.98590708511077
2021-01-04,120.23880717558733,262759,120.81439035238087,119.30739984597211
2021-01-05,122.74174119783596,88892,123.20060224338364,121.69157220664492
2021-01-06,121.97393766941079,108359,121.97861303569601,120.56995327965807
2021-01-07,123.6340818781823,70836,123.74959170756314,122.88536644308257
2021-01-08,124.43933287038729,182901,124.91508877903082,124.19168706331907
2021-01-11,127.61246167901268,70781,130.0679757981256,127.19249139469984
2021-01-12,128.792376099342,135531,128.8362590475972,128.3604616632566
2021-01-13,125.805105100009,211040,127.03898832740693,125.19312397879067
2021-01-14,122.60945838117419,455452,123.19836940205563,121.35003593446271
2021-01-15,126.21307520394068,195674,128.85107866768865,126.18155505790347
2021-01-18,124.78563381897953,304504,126.51395859271169,124.24643013399594
2021-01-19,121.6301987986973,185271,121.72166171243173,120.74107127875938
2021-01-20,120.10818905749177,189970,120.97388032233967,117.6085338921036
2021-01-21,123.28335656727285,146464,123.44846373399278,122.22380075610761
2021-01-22,119.92675217201729,134371,119.94889324982333,118.84876176494065
2021-01-25,117.96066881435951,292783,118.51408612954947,116.5961059263924
2021-01-26,116.49112660163313,196287,117.55701787319933,116.37640230737613
2021-01-27,113.70317288477061,192557,113.9254477549331,112.32019487854302
2021-01-28,111.13045253985105,120079,111.20705664493107,110.74303278779992
2021-01-29,107.89328101576685,136964,108.02694945887374,107.21222161243887
2021-02-01,106.98823247957903,457597,107.92161326568299,105.53660544823856
2021-02-02,106.31651919842811,157353,106.53057096509646,104.86585227204009
2021-02-03,104.95901198184842,315869,105.58460079310566,103.08865411481484
2021-02-04,101.62564910345304,125476,101.99007253286105,101.27254365918105
2021-02-05,104.28866445969685,242989,104.35325141885733,103.98940982021726
2021-02-08,101.63430211877544,188131,101.7595062013649,99.63415466526536
2021-02-09,102.2828251415484,133005,103.64974833381784,101.50851827932529
2021-02-10,100.18780150986699,225095,101.87904898530472,98.70719359591749
2021-02-11,101.61719644352114,75227,102.09372552248867,101.10174718385352
2021-02-12,103.66135914677179,216925,104.71809043491004,101.94546252034921
2021-02-15,101.93926069454461,241216,102.49267009550813,101.65363379663448
2021-02-16,98.17021285521587,186565,98.58265170158663,96.58956510897303
2021-02-17,99.62554267930349,313470,100.45521059804615,98.70471189699812
2021-02-18,103.51687006808197,157306,103.93933779422053,102.94918843396644
2021-02-19,104.46462381945034,151059,105.41961494623963,103.54225605855095
2021-02-22,104.88446116797677,194370,105.28549862067088,102.37397799156149
2021-02-23,106.70356686582795,251161,107.36896275661138,104.75460896575441
2021-02-24,108.43551707018437,216407,109.55743832169422,107.75580002745292
2021-02-25,106.73785839103138,145319,107.41854408369754,106.2332963878506
2021-02-26,105.42427057408956,98951,105.77097143977876,105.40093881110043
2021-03-01,106.80613318482895,226780,108.54888840122707,106.30428891529299
2021-03-02,106.5841788581169,109668,106.69683519962622,105.03870143470199
2021-03-03,109.51562100579994,108105,110.3025066294973,109.43077850277803
2021-03-04,108.0701284317065,117322,109.67358728875733,106.90456971115746
2021-03-05,109.79253637781841,167519,110.12428874886861,109.3335430592723
2021-03-08,110.6359754696024,109300,110.90343809813118,109.48188079414498
2021-03-09,110.44487861309722,92240,111.99769046004472,110.18606339749579
2021-03-10,113.16362450726388,117076,113.42205752165037,111.33118486875523
2021-03-11,114.80513427223909,148499,115.53042594754812,113.41480947568533
2021-03-12,112.6107141449971,204258,113.75221039638434,111.33839092520648
2021-03-15,114.153180728603,168321,114.43081463221996,114.14990234368703
2021-03-16,117.42984009624382,94823,118.5518485944908,116.08440917345325
2021-03-17,117.21761399405023,182468,117.86641799006021,116.36368743376404
2021-03-18,116.72947042402116,191257,118.70205784944304,115.42433714546615
2021-03-19,115.2687197411004,129640,115.57118321799292,113.89737427974761
2021-03-22,115.3295887328222,109302,116.2550464823833,115.21214169177604
2021-03-23,117.0168605814587,109281,117.40263803515634,116.81829297905774
2021-03-24,115.21093503750441,124753,115.226118276623,114.40948686287904
2021-03-25,112.2397843813949,492436,112.82733891984645,111.66619091595534
2021-03-26,111.48861928781018,104345,112.27610001924283,111.2497478339811
2021-03-29,108.54100381671998,185906,109.00852267989737,107.71959879865135
2021-03-30,109.77056181268325,113885,110.13755258546837,109.49060728898229
2021-03-31,108.92489307624822,126374,108.94648770082591,108.22445808967511
2021-04-01,105.25127152474573,114340,106.87115790134567,103.72434980251411
2021-04-02,104.6036455366112,242947,104.93968922023626,102.95906552462831
2021-04-05,104.28485063535808,196723,105.73837981154745,102.2328290670598
2021-04-06,105.310045741278,152562,105.60210372985135,103.56446212959065
2021-04-07,105.0883626055374,209288,105.57318194844294,104.2168085986384
2021-04-08,109.17761746306446,236034,109.6870172995564,108.88999214971525
2021-04-09,108.13733038405351,106366,108.61761375072372,107.52372266632892
2021-04-12,108.08889884786123,213977,108.13965517628952,105.99112783787585
2021-04-13,107.95298558922755,113684,109.56709003000687,107.52725407380265
2021-04-14,107.4304053729057,247450,109.11645257528629,107.30960810758467
2021-04-15,107.8230823715866,235649,107.94503203172204,107.80630813928626
2021-04-16,109.0837988541572,199157,110.02651115689497,108.41574999922008
2021-04-19,112.13666579751651,146537,112.84060393696132,111.36233851987052
2021-04-20,108.75887058132976,125109,108.78162561716022,107.2771854424394
2021-04-21,107.74058831347371,142655,109.20729203482693,107.23684320078097
2021-04-22,106.86549089568598,239085,108.58472061719503,106.81647393283458
2021-04-23,108.97603058644152,115709,109.76295633534647,108.64953975144407
2021-04-26,108.28803783638688,166847,108.64229522190129,106.84901073282133
2021-04-27,104.34379642706241,67926,105.71350163123506,104.0002601777024
2021-04-28,104.61069482285711,185384,105.10589983110879,104.26261420203515
2021-04-29,104.62389913360042,96977,105.25628197011976,104.50400648116162
2021-04-30,105.08473640194174,84198,105.66399679893951,103.58404422800518
2021-05-03,103.00358365893491,210945,104.08278740347855,102.79892855964762
2021-05-04,106.69181810355275,180803,107.22954150784362,105.63492581688382
2021-05-05,106.08782389409363,130393,106.75345770291285,105.54088370610039
2021-05-06,105.77364022875786,139937,106.1236255263812,104.91009436352391
2021-05-07,103.9698725141042,506620,105.00967059458938,103.34522677196243
2021-05-10,102.13353561204006,147698,102.51608551402772,102.04326950578373
2021-05-11,99.74594372548916,147177,100.70170052107362,98.98552408929882
2021-05-12,99.04360161201468,225517,99.37388213227185,98.1879224777192
2021-05-13,97.24256593280074,170008,99.22383648121426,96.35473318449901
2021-05-14,101.4065701615667,266655,103.1504324853962,100.98022010170202
2021-05-17,97.72603826171711,186973,99.22597158075034,97.65930778819101
2021-05-18,95.62185712877648,238123,97.0537755077703,95.28601014918844
2021-05-19,94.93316677679616,203142,96.09436398292645,94.2990864901732
2021-05-20,96.29755816805181,224729,96.38018209195072,95.58911697601722
2021-05-21,95.5804044184373,159320,96.01371140062814,95.07207962010239
2021-05-24,96.95889174225603,181909,97.84002529440124,95.94711545015501
2021-05-25,95.14014493778963,142127,96.02316169056311,94.24539170168076
2021-05-26,95.32926411160815,220154,95.97917704809225,94.53822090856342
2021-05-27,98.79210165914175,83031,99.24685080576488,96.5448657761665
2021-05-28,96.97592685239586,233998,97.15867268427226,95.76992855026367
2021-05-31,97.87137576857133,268072,97.89739413235897,97.57412086992574
2021-06-01,98.35591396246654,235833,99.21287054738102,97.5042380830396
2021-06-02,94.1003696740335,154500,94.22511613171783,93.93920993691576
2021-06-03,93.072854126501,209528,93.89733173220267,92.9008999807964
2021-06-04,95.278635336865,110382,96.14337660457859,94.00711208704266
2021-06-07,95.61284335325374,247347,96.1111177485897,94.643834877934
2021-06-08,93.39723831869296,93938,93.82821694518758,92.5313383885512
2021-06-09,94.7723141649036,219008,96.22002690900399,94.01902664411118
2021-06-10,93.94362450325174,212421,94.9410040785045,93.52193102365287
2021-06-11,94.6982838050384,199458,95.99938818391179,94.51087663570651
2021-06-14,95.4912174972006,130151,95.9350871590062,94.6421451084369
2021-06-15,93.45316183641607,238013,94.45241297991136,93.39887823435113
2021-06-16,95.01710504987254,64949,95.76508995675874,94.36959006663757
2021-06-17,93.19618175187193,240052,94.0746055538441,92.65203282088113
2021-06-18,90.86646717853377,179103,91.2740047119381,88.79952457951525
2021-06-21,89.34760668848423,275262,89.43122637938689,88.53662806138215
2021-06-22,88.80230925343335,179876,90.47583093181372,88.40886825219565
2021-06-23,89.0680529912756,408029,90.07967961923362,88.69318204742314
2021-06-24,87.77257052634779,101629,87.84821769625387,87.5964483203441
2021-06-25,89.1611520418269,220731,89.74425754828478,88.82524631176129
2021-06-28,89.68241551064078,104505,89.70652776653075,89.37289959042866
2021-06-29,88.51559479598082,152788,89.97575666029775,87.21986545270462
2021-06-30,90.17557535770264,235905,92.13423476608818,88.39433820716462
2021-07-01,92.36794236797593,222507,92.9404684639531,91.57161375939214
2021-07-02,92.25959427031086,460362,93.5920489052344,91.70268249678388
2021-07-05,91.93728129767766,136529,93.38789326932431,91.25098048698987
2021-07-06,88.8039554603498,309588,89.32630601695142,87.82604999578217
2021-07-07,88.15361702621178,143322,88.48363456702884,87.69204145240623
2021-07-08,87.71130587269504,114639,88.62446557830782,86.77059259631747
2021-07-09,88.2133572706722,72295,88.9476530420283,87.51138388661266
2021-07-12,87.98706947449382,176545,88.11554568898642,87.5663128222955
2021-07-13,88.48830573141781,125410,90.13574539428869,87.51106016877264
2021-07-14,91.3183917574819,248639,91.89375718186335,88.89393658563542
2021-07-15,90.42799769540531,124966,90.44337369475387,90.33736480357827
2021-07-16,89.61605442823759,128245,89.7903693782008,89.06914405981887
2021-07-19,87.36993029805828,194332,89.80927356005243,87.25720821121405
2021-07-20,87.42471012073283,384849,87.8700472173008,87.26464721798645
2021-07-21,89.22080272890906,94435,89.23940617316914,88.41931586065938
2021-07-22,86.21919389354427,270710,87.21244112946978,84.76061648291555
2021-07-23,85.1467024949187,251966,86.75290699408899,84.98232490749612
2021-07-26,85.27612241966156,145732,86.04220464983952,83.96801304296768
2021-07-27,86.80780597772032,228138,87.59380971878757,86.474773742135
2021-07-28,87.54508808291587,141190,88.7492187150242,86.78727795250089
2021-07-29,88.18732327003136,532689,89.67750462891796,88.1715663158839
2021-07-30,87.86284067559224,153883,88.42154432123095,87.29348990815781
2021-08-02,88.78471040120635,169432,90.26477441836919,88.59103393782013
2021-08-03,90.67670901394087,138289,92.02610661488522,89.02975968984562
2021-08-04,87.69989456434948,69791,88.29782968969134,87.68497119148793
2021-08-05,89.058317251213,142689,89.17536359686211,88.71316713340597
2021-08-06,88.9537177370729,182776,89.22219558332246,88.58575794913622
2021-08-09,88.08624855932972,344710,88.61881942922166,86.88025057008011
2021-08-10,83.95281510229023,208142,84.1584844265201,82.36705798050386
2021-08-11,81.73218696410352,148050,81.98620656905668,80.92837329720183
2021-08-12,84.62325151183542,167706,84.96116941716448,83.92334538424741
2021-08-13,83.53269388583615,191696,83.70605743058191,83.34616137585633
2021-08-16,81.80535641751152,134661,82.71472315519573,80.74856476495124
2021-08-17,81.12686826490793,228917,81.29953985572382,79.80829548734766
2021-08-18,79.9907705410422,366789,80.04592571676721,78.72976559281106
2021-08-19,80.25414665863362,135730,81.36372346985542,79.96276956001897
2021-08-20,82.79253546999638,297677,83.01454237297365,82.39916406231747
2021-08-23,81.89235057969945,252246,83.06573494303666,81.76092586092771
2021-08-24,82.21118702468063,212909,82.76678033520474,81.84875510373716
2021-08-25,80.41065121170007,172122,80.83775151183627,78.83623703010569
2021-08-26,82.95928738419673,192700,83.22733157061927,82.86788434062113
2021-08-27,83.34018475382445,145991,83.39726967716726,82.76786875262952
2021-08-30,81.62164306116686,407760,82.14666549420714,81.19484827929442
2021-08-31,83.17780827601065,113640,83.42350446840297,82.3091699814611
2021-09-01,85.26638846691013,287067,85.86375700480725,85.0291992168055
2021-09-02,85.61063062978337,353225,85.95551459589534,85.40834628551828
2021-09-03,82.91545926913199,138473,83.59931956712735,82.4602915184838
2021-09-06,85.9980741120299,291537,86.45950341356414,84.7828738251935
2021-09-07,86.60238471977722,174903,88.63499973025236,86.48931396062821
2021-09-08,88.72453328854452,167909,90.10423641839468,88.00864712527702
2021-09-09,87.82257396116417,156798,89.90583201248945,86.28583304604963
2021-09-10,87.19492203880299,72630,88.05657836045653,86.12720091028827
2021-09-13,87.45769212900574,214049,88.10776235523974,87.10122029449296
2021-09-14,89.49861868422161,334963,90.13509706238528,88.71037938070074
2021-09-15,89.82676588969356,114420,90.34549847438461,88.00242121827597
2021-09-16,87.66706750315446,248617,88.49922193698588,86.92991341625263
2021-09-17,88.19815987626363,155966,88.41960615565922,88.06785937017945
2021-09-20,91.19287632923132,94245,91.99972194616451,90.65284745677565
2021-09-21,91.3860562382532,268054,93.46006440516231,89.07165453575838
2021-09-22,91.69617073075851,378139,92.46140528855759,91.64952726715772
2021-09-23,89.4813071559002,109411,90.19653426243364,88.67594326785887
2021-09-24,87.07501278844502,181298,87.1615939655647,86.31943836955513
2021-09-27,86.04032832438551,79231,86.9037744777422,85.54391032349477
2021-09-28,85.5486968329543,159371,86.78142180255875,85.37685326265357
2021-09-29,85.79553642402257,207530,87.45381021035314,84.94417512071625
2021-09-30,86.14966906628075,390996,87.8220489101607,85.3617246273773
2021-10-01,89.02562722398447,354614,89.07505917472714,88.92217919427672
2021-10-04,89.20151496813608,369996,89.32748284964096,89.04365298712199
2021-10-05,91.19376031651922,125048,91.26498381608143,90.66952315935976
2021-10-06,91.19498353463578,143978,93.63398451451313,91.18020197439749
2021-10-07,93.95143151181831,70816,94.60735980173705,93.948907478576
2021-10-08,90.57425514516709,113825,92.70216656623249,90.34837465367771
2021-10-11,89.56775498310606,78754,90.07455938976244,88.78494261774348
2021-10-12,91.41924787341712,195393,92.71875314215822,89.50167496465356
2021-10-13,91.17895607006548,114864,92.08590557590911,90.35676536971265
2021-10-14,92.96794142608891,93834,93.8403765141183,92.51553336701345
2021-10-15,93.76166088904785,136256,95.31534034855186,92.99428708913842
2021-10-18,95.62875693713265,89999,96.10918990141045,94.54047386692028
2021-10-19,96.88599075247294,189948,97.50424800172655,95.85648763764023
2021-10-20,98.27875825874372,187629,98.62620287165525,97.46202233441632
2021-10-21,101.33754968299635,138988,102.46389499289032,100.96521629703642
2021-10-22,103.43945864783421,112945,104.41583477486154,102.84439979000493
2021-10-25,105.60045026149865,83306,106.31931316654716,105.13649379559695
2021-10-26,105.72813235253673,214846,105.8192822112793,104.95827065067435
2021-10-27,104.58854216322338,182473,106.53190021198827,103.65924198111634
2021-10-28,103.30056073368891,205285,104.11253102915902,103.23124016627412
2021-10-29,104.94765439309306,139634,106.4344789742815,104.22053448328828
2021-11-01,100.03223509356505,145952,100.03862903519655,99.90129103181852
2021-11-02,97.52891725036575,334703,97.83707401842848,96.6885597005502
2021-11-03,95.74456341528955,120536,97.05223534630453,95.34645371635762
2021-11-04,95.34781535399264,139201,95.53444131329152,94.00042891708878
2021-11-05,90.53193480056653,236084,91.08763967213964,90.33863205823106
2021-11-08,92.91425561560341,189369,94.34374475519493,92.64347502659976
2021-11-09,94.11153203798972,58494,94.57380675621808,93.83595452583246
2021-11-10,98.0004664088955,69986,99.83013573563593,95.63097951890954
2021-11-11,100.1848046861704,116959,101.35076016507199,99.95502009766545
2021-11-12,102.35264085115358,256568,102.47481389573633,102.20510322528212
2021-11-15,107.15084784232509,227711,107.15714183761746,107.0511258015604
2021-11-16,106.01901584836652,211031,107.06822171611016,103.99913990909015
2021-11-17,102.96090003348904,222764,103.06623047803897,101.9237194195594
2021-11-18,102.56555518274118,100260,103.86188609528263,100.58453600153925
2021-11-19,100.96786681022456,219811,101.1135553906244,100.38688559822081
2021-11-22,100.5309267088167,102678,100.70736879454206,100.36465900625696
2021-11-23,98.52014340078021,261358,98.53285688924468,98.46966165812515
2021-11-24,99.72522262223268,126085,99.98196514565123,98.57682290207433
2021-11-25,100.83427092025727,187364,101.53295237640806,100.48748884658616
2021-11-26,100.8606473903774,63751,101.01705409656304,99.86373807573756
2021-11-29,101.572361473799,82913,103.20084944870254,100.50185338991321
2021-11-30,101.36526222508905,280783,102.29846268236798,101.15331338476851
2021-12-01,102.98374129051054,230008,103.23487239940599,101.41759728636323
2021-12-02,103.20981335863057,88524,103.83169125428938,102.63210959553835
2021-12-03,102.7454969090321,309525,103.05099152074466,102.697195217273
2021-12-06,104.75734923599214,94335,105.21848940325643,102.92815984809005
2021-12-07,107.51852319301607,164387,108.61809089282967,106.58574206634601
2021-12-08,110.52173716194129,128021,113.19662101592854,110.41933388621828
2021-12-09,108.44105182890951,102569,108.75894002284224,107.49096638644104
2021-12-10,107.37396917893001,291842,108.06516911324691,107.1894914662261
2021-12-13,103.86457199196526,377940,103.90465243242961,102.9403309318874
2021-12-14,103.45291253211184,177928,103.65819001388192,103.02561751563883
2021-12-15,104.40097704701566,349060,104.97113519430455,103.50280265763568
2021-12-16,104.2073860914668,141406,105.05412686243778,101.02827411793547
2021-12-17,108.39695822353718,171811,108.70306339526334,108.07550529675927
2021-12-20,107.60672657821343,173814,108.3889570787753,107.08823130648554
2021-12-21,105.37369051399533,91276,105.46006130251382,104.39288641072375
2021-12-22,106.66393244454298,208924,107.97309530294592,105.9281148663571
2021-12-23,107.0698847782338,232082,107.36840914390557,105.37682480770567
2021-12-24,108.34001860424733,149232,108.49197154992336,107.52707071773288
2021-12-27,109.08750524459751,69851,109.38232095861358,107.22268949021186
2021-12-28,109.70837136139271,195605,110.95084638219826,109.64164124891751
2021-12-29,105.23329031609565,76304,105.23760857149719,103.8772810343655
2021-12-30,103.79911218517005,108484,104.87509781223459,102.02436351967016
2021-12-31,102.66291169187033,173808,104.40368640178697,101.80944009012431
2022-01-03,102.03252473918718,110765,103.08755110129566,101.81210982557664
2022-01-04,101.20253436567299,184764,101.85050839653543,100.53948707012867
2022-01-05,102.12322525984634,145349,103.82045967655857,101.70563279010506
2022-01-06,103.44063001594562,72023,103.53627790747585,103.17450876651313
2022-01-07,101.20670469153292,177014,101.29434742689949,100.28555302297647
2022-01-10,102.68859864812656,218226,102.87278758410706,101.64720178359569
2022-01-11,103.98185964746848,270006,104.53924211186445,102.79426296496703
2022-01-12,105.03901565238634,135498,105.7782776390124,104.50880087351267
2022-01-13,102.18388343677012,157827,102.63185390803916,101.15250361827894
2022-01-14,103.17077397540402,77068,104.38906004872156,103.0292540267512
2022-01-17,103.42404963926661,434714,104.04853269525223,102.40502834184042
2022-01-18,105.51521124307057,345415,106.02273785254556,104.97915859199651
2022-01-19,109.43625797695573,160184,109.90097748706236,108.80675291156204
2022-01-20,113.05830041485096,152906,113.25780742236931,112.87075355427615
2022-01-21,113.40398162222027,37604,114.04284554252835,110.897710304757
2022-01-24,113.49048583320358,273110,114.8779171557781,113.19135476705937
2022-01-25,115.02597516175123,215654,115.9813910194514,114.55543583961722
2022-01-26,112.57922260690596,244361,113.92508673047688,112.54816808202833
2022-01-27,109.44733907963789,132903,109.72491771111967,108.60319121425222
2022-01-28,108.50463599031204,128705,109.1655629873672,106.69660284031396
2022-01-31,111.27496255167135,87753,111.3601608098001,111.08612306942527
2022-02-01,110.62893932345692,240146,111.30471448627897,108.94280665922436
2022-02-02,114.0952163032688,304393,114.71149794231904,113.98313997013204
2022-02-03,107.99350353401216,285484,108.81967004271966,106.83063751642018
2022-02-04,104.70291346879242,178729,106.56285761862063,104.6205374048722
2022-02-07,104.5278109676462,138229,105.6656474520968,104.42003678755849
2022-02-08,106.48637689473294,96183,107.11243422230301,104.3329139997797
2022-02-09,106.42330645089571,114591,107.13569243155486,104.5067411360262
2022-02-10,106.3049173682511,205617,106.90226662235965,106.17612533968178
2022-02-11,106.13126889181036,141170,108.2831775495995,105.33158095482803
2022-02-14,102.53649244069236,369794,102.64888076934349,102.49260074989655
2022-02-15,105.02308010404582,289577,105.49565043863728,104.13689638936015
2022-02-16,103.68161840732704,120462,103.75495518987955,102.68655721816131
2022-02-17,106.05051055289789,88624,108.54410654551548,105.25214769887778
2022-02-18,105.98578982871048,123721,106.11806689416403,104.90258207815799
2022-02-21,108.36099880590699,277254,108.63979698253615,107.4557384143147
2022-02-22,109.1947946650172,125246,110.32770008902013,108.43430572554486
2022-02-23,109.0492815605828,213842,109.16261730758745,107.41599748738473
2022-02-24,109.6315433508292,122646,110.20182696677448,106.93318789171516
2022-02-25,106.5341493813499,193219,107.08894517853277,106.26660758153102
2022-02-28,106.63226844229922,211942,107.4030563946429,106.51039303830808
2022-03-01,110.4438203119698,266443,111.18656131675728,108.84735829137065
2022-03-02,113.4623256800422,333240,113.70510418776342,113.41040605909984
2022-03-03,111.33797308220885,313362,111.7820816848754,109.59902278831483
2022-03-04,112.55973909207097,124855,115.15082511518932,111.69548365129633
2022-03-07,113.2099084655662,151219,115.52125732677449,112.77153339439973
2022-03-08,115.1674847693228,90511,116.12965156317487,113.77059814059147
2022-03-09,115.47690068208227,144662,115.64304716813047,113.14575236791333
2022-03-10,115.03085951833538,164745,115.94071017710833,113.534398973276
2022-03-11,118.22777394577753,132988,120.01790305324613,117.12748476394223
2022-03-14,118.83559495635096,126526,118.87936290105326,117.82393176410551
2022-03-15,121.95477378629191,272676,121.98136503670304,121.78820280405542
2022-03-16,124.45422696477262,256207,126.08362338359905,123.9262244017322
2022-03-17,123.74812484561969,198701,124.19203079098703,123.62100948359854
2022-03-18,123.43420278014823,85926,123.72385779049822,122.59405835481994
2022-03-21,128.39415799817112,179955,129.3148522952422,128.14325424569446
2022-03-22,128.98995566561794,134307,132.3486679508335,127.14890571447633
2022-03-23,127.14929787170857,314224,127.96906667715473,126.04711227173485
2022-03-24,124.23328195403478,66095,125.26237202697683,122.96346576897109
2022-03-25,126.77878952240764,123079,129.27631882841447,125.31638504113411
2022-03-28,127.28766800374541,121379,128.92818437570983,125.46414337676036
2022-03-29,125.38735532208747,128889,126.53995512690068,125.36410200857286
2022-03-30,127.19221993307772,262705,128.92433778127565,124.91439096333008
2022-03-31,127.70136586733918,50202,127.8529450774293,126.14882260739581
2022-04-01,123.62897677489168,146674,124.88614477776854,122.7081409406619
2022-04-04,125.1932656607737,249037,127.20262631450301,123.63269421346203
2022-04-05,128.67919964549765,265682,129.49963726800976,127.25260790988321
2022-04-06,135.54714145580058,123681,137.635997897387,133.59448652811454
2022-04-07,135.75035019528045,115856,139.21646838371134,133.98513927828367
2022-04-08,136.49261787794947,193514,137.7715937718916,135.6635307906161
2022-04-11,141.06241722585784,175521,143.58801028928386,139.9317299940152
2022-04-12,141.65250536435005,168501,141.70964851278765,140.79013197190835
2022-04-13,142.54870779419494,24326,143.52727034751985,142.1957363479479
2022-04-14,140.87477603693497,92634,141.82058695699584,140.70305276853867
2022-04-15,137.1100489394927,105702,140.33931354295126,136.64152206878376
2022-04-18,139.74755816758082,224471,141.13148514908576,139.5033747315416
2022-04-19,136.34197262910882,79191,136.96110938782377,134.12412269891283
2022-04-20,139.59974436685175,96440,140.21267714232877,138.94510125230994
2022-04-21,137.52642053115923,150664,137.60092304421482,136.5301001832483
2022-04-22,138.36854303418372,85494,138.65537622575187,137.41849529197094
2022-04-25,137.45207247234384,224454,137.56513391606327,137.00956871296367
2022-04-26,140.8319446019267,133826,141.03289994332022,140.42304755688846
2022-04-27,141.79526554888434,406952,144.5999821137525,138.17697113858887
2022-04-28,147.5793699424537,118793,147.98378456008686,147.4294303214917
2022-04-29,144.53079207167985,122010,145.72955302395764,143.64767229087389
2022-05-02,145.8487083712234,243341,146.82284122293618,144.99439454625076
2022-05-03,146.1037050356044,117281,146.62448399567577,145.72444100094154
2022-05-04,147.04160139775757,346550,147.43328442208733,145.87295882209148
2022-05-05,151.93213986151525,207203,153.1548185868421,151.22235058377512
2022-05-06,153.8441894587516,139812,156.53744724148083,153.0973063027868
2022-05-09,150.47392679709716,150181,152.79106061383646,149.4395097571248
2022-05-10,152.20983186627686,676950,153.2258810014614,149.9854488938087
2022-05-11,151.070656943738,207799,151.22241966600436,150.40780615720647
2022-05-12,149.76697029517254,175472,149.78585521289722,149.5401449186009
2022-05-13,153.05505623090278,152315,153.39163455529038,152.26612776705466
2022-05-16,151.34332049405032,273369,152.5746845615371,148.97365712960317
2022-05-17,150.3184877873489,76178,151.014386620952,148.66588810460576
2022-05-18,150.53632846146655,148658,152.59170383775177,150.11119374578897
2022-05-19,153.53493920869036,39465,156.16803428081454,153.01217402404066
2022-05-20,155.45556795707932,124653,157.15620502813823,154.98072715688917
2022-05-23,154.8522839801418,248690,157.16196937827365,152.72630981427793
2022-05-24,154.13488976976106,324848,154.93823762343982,153.07527173682377
2022-05-25,150.72025962560537,220352,152.19315382333903,150.33603327355192
2022-05-26,148.56592982824384,224130,151.7308667737802,148.26502707572112
2022-05-27,146.75157774695484,69012,147.61288260606455,143.90352377827173
2022-05-30,146.4311557041014,115938,147.30981957350718,144.6348526875952
2022-05-31,152.4887239215732,340170,154.36117718357167,152.33181244542297
2022-06-01,150.562949093219,125250,150.72250516868033,150.23798695332803
2022-06-02,149.79454898186287,152056,151.61914538574962,148.75402240760485
2022-06-03,143.88533730672745,108794,146.69867691469904,143.80127037257066
2022-06-06,145.74057178672265,102040,147.0058925951539,144.81022655925238
2022-06-07,141.32739648681775,128651,142.37332886845493,141.2114482545312
2022-06-08,138.89904430023904,116946,139.271811937281,138.24409707933356
2022-06-09,141.93853000895015,262695,142.01684860114753,140.38570014775732
2022-06-10,136.19606582592687,181259,137.44545148563242,133.70051276844552
2022-06-13,136.56680601789185,270882,138.8560588505255,135.50224147956285
2022-06-14,138.88309126643975,81339,139.60621105908143,138.38384483041742
2022-06-15,143.30015176938474,300356,144.59764570295857,141.81177138096743
2022-06-16,140.79987159641533,164510,140.8607026013776,140.6977584552417
2022-06-17,139.16482677562473,408265,139.17428530449877,138.79081531137902
2022-06-20,144.3943013333506,158516,146.3044144129132,141.67167449331245
2022-06-21,144.43745237943665,77133,145.18876672763773,143.37016041845692
2022-06-22,142.44006000185144,309313,142.94748472697847,142.1171710769783
2022-06-23,140.52305430687684,152018,141.1782246827543,138.90126517665604
2022-06-24,137.92643129328624,55489,139.17376664260206,135.8305078246182
2022-06-27,136.8283187711899,175009,138.06971540417248,133.70979953600155
2022-06-28,139.9508657185413,182702,141.26960661947427,139.26276772446155
2022-06-29,142.5719412550401,278746,144.11651281917324,139.53353398953877
2022-06-30,139.37404876274283,27071,140.5563953329426,137.3428803085445
2022-07-01,140.0855123526779,289073,141.3237275871556,139.97363656264315
2022-07-04,139.07451156969285,128373,140.30197442201793,138.0456671156808
2022-07-05,141.38103933094342,426396,141.8343510623986,141.03194193427305
2022-07-06,141.0524006988415,68930,141.47116051711635,140.98966554879686
2022-07-07,142.21812223639296,213772,144.56670196696206,142.16992625456055
2022-07-08,141.8811658457965,199957,142.33380744010233,141.82551493358335
2022-07-11,135.91750602964646,131787,138.05594831284316,135.6754576708627
2022-07-12,136.15421502039152,110536,137.2784099985461,133.9564264417168
2022-07-13,132.84104170784488,135013,133.2598236470241,132.36498654050166
2022-07-14,134.94884848613168,136849,135.2758252456912,133.45566041572425
2022-07-15,133.23296982503288,86966,133.51730282906126,132.95695190348084
2022-07-18,131.73587822985388,267398,131.84153042257742,130.47867106289783
2022-07-19,131.8178359869086,94268,133.28607944663028,131.0811160206423
2022-07-20,133.45666496625506,271466,133.68193659782054,131.9379150541593
2022-07-21,133.11081034084518,66538,133.19476503647326,129.7291112197489
2022-07-22,137.66533033479337,148955,137.94982206086698,137.55147227134614
2022-07-25,142.39458256432505,150068,143.17013140513183,141.76146586612373
2022-07-26,147.48276570978857,161474,148.19118096211346,144.68589677895193
2022-07-27,146.9107047927531,262537,147.30682652400208,146.56167351627155
2022-07-28,142.73443170011012,147093,143.66550415408744,138.9613541008263
2022-07-29,146.3772733767651,129448,148.27945027458003,145.72005268887702
2022-08-01,145.27964151046262,147316,146.73594783957802,144.75822246437804
2022-08-02,145.50693860964662,265801,146.69647375182006,145.3131320822828
2022-08-03,147.4648991462765,89071,148.71296355981426,146.51486855748817
2022-08-04,142.92234596601043,97700,144.45952417440358,139.61030673195387
2022-08-05,147.7739692665244,61184,148.9510054766394,144.5469988918024
2022-08-08,150.50301515622576,448482,152.24886483103305,148.0513640506826
2022-08-09,151.68842020037096,91137,154.1496388152031,150.28555866166099
2022-08-10,154.53906076969227,63404,155.50292190794792,152.9039012962527
2022-08-11,156.39516849939366,108613,157.04532003411362,155.12158753702363
2022-08-12,156.88648180519414,119823,158.59284456993166,156.24080205674778
2022-08-15,156.04852421686942,338651,157.899472869345,154.81852963502527
2022-08-16,153.88170625916956,128997,154.44595755000017,151.7142092408558
2022-08-17,154.8920544941339,188317,156.54336529544796,154.78046575356134
2022-08-18,156.13991758763788,66476,157.38361639705363,154.17996897229645
2022-08-19,159.68713408242934,180591,160.82429143514852,158.76334988370493
2022-08-22,160.45759292292675,71367,162.23759541815215,159.17795926521515
2022-08-23,157.86901319721485,139135,158.96116662331912,157.45273301145596
2022-08-24,153.0922991384877,111308,155.29796580064954,152.7976061296664
2022-08-25,152.8244319032965,167566,155.0039685268462,152.16903356667353
2022-08-26,152.86277004047147,223508,153.67493793806372,152.46584800538204
2022-08-29,152.68527236640875,83454,154.03239529636397,152.545896592074
2022-08-30,148.20085787403315,92206,148.44651483200798,147.83006235324123
2022-08-31,151.54124078071843,179296,153.92206017348337,150.35383722664915
2022-09-01,154.95122642954286,229496,157.06210864387978,153.4755424231003
2022-09-02,152.54272121217014,330607,154.8511090276596,150.52663257954046
2022-09-05,155.14564767689873,128547,158.31918343515756,153.18905793965305
2022-09-06,158.2571046913833,77208,158.40627672185803,155.0281585678957
2022-09-07,158.50559571879202,178673,161.1989881171161,156.9810248542016
2022-09-08,155.6515607885374,109390,157.5052153830568,153.61456708483064
2022-09-09,160.88463496013736,102517,163.52442540620083,160.28656354826512
2022-09-12,162.2447477582315,329090,162.46676819038322,161.2453600022695
2022-09-13,161.56139652598964,221761,165.42768887687362,160.8604355692469
2022-09-14,164.2093507274102,113092,164.5927808952251,163.9222325907486
2022-09-15,169.76010821711057,161239,170.617231740011,168.31798658451495
2022-09-16,168.21503133713617,155929,169.0919798513907,165.4907957402935
2022-09-19,170.6938430486924,176759,173.1398050144094,168.57137931487577
2022-09-20,177.6001657300838,132857,179.00819593432996,176.21254219624603
2022-09-21,173.8170774200435,62941,177.34603522839416,172.67204201975792
2022-09-22,172.05572299773132,99890,175.29074493607604,171.44804576399173
2022-09-23,170.14674892472883,124741,172.6470048451288,169.37036239953713
2022-09-26,169.74456545105218,165058,170.75048452356006,168.1652419068993
2022-09-27,169.168502802311,94736,171.36579970337075,168.27146917975554
2022-09-28,170.32547832783467,178642,171.62774948064535,167.68507798343563
2022-09-29,167.687759310732,134506,169.06747060674255,167.4693347545576
2022-09-30,165.74499040358242,111330,167.6021757861746,165.61001807976805
2022-10-03,166.8802041322391,86237,170.41726128219375,166.80922519053857
2022-10-04,167.5320123771943,203464,169.9096668140989,162.8419135722231
2022-10-05,170.62293236479883,201213,173.65996692684726,169.44647872521335
2022-10-06,172.16324892784783,242828,175.0528393688335,171.96963440976248
2022-10-07,174.98146973124304,214195,175.10544123036468,173.3972880890545
2022-10-10,171.1638081345751,222363,171.35319976548107,170.76438767761528
2022-10-11,169.9922272683124,197015,171.5691416826743,169.38322152666981
2022-10-12,176.53520408760826,67561,176.79714118181352,174.73885073772882
2022-10-13,178.06735436054055,141554,179.84848959535213,173.4647682898647
2022-10-14,180.8937302652078,79523,183.79235981326474,178.5043444121868
2022-10-17,182.0287111081925,322741,183.42492158769792,179.76617628168214
2022-10-18,183.7307085531155,161618,185.3331081651959,183.1110043458244
2022-10-19,183.0305473068073,307084,183.20807116564555,182.39173153044626
2022-10-20,196.74031249433014,97230,197.92636658218814,195.8421633917058
2022-10-21,195.34388730033726,155447,195.37728261499015,194.03098148247767
2022-10-24,195.35044620748607,185662,197.14515863099297,192.4701658410443
2022-10-25,186.25158720569678,137936,187.21912215254952,185.6606263444189
2022-10-26,190.57078727388094,178777,190.75151006308735,189.82362454095684
2022-10-27,188.62834552101992,341492,191.11052750081666,187.73675586463384
2022-10-28,188.54991467487235,97153,191.10472410766826,186.8655570714242
2022-10-31,186.71846733668417,43522,187.2717478908321,186.3437159795525
2022-11-01,186.35031219664688,362330,186.5763501411756,184.078975399802
2022-11-02,185.44222152667052,109553,187.10254304671014,183.30057061075595
2022-11-03,185.4309403966577,285286,187.025229393654,184.93573108334064
2022-11-04,185.3834706544083,225473,186.45231861494807,183.86428505167908
2022-11-07,184.96051833210052,146043,185.87068253011148,181.96224232509778
2022-11-08,184.48807797115444,196845,185.44779080150656,180.30584551553483
2022-11-09,189.53149521916194,92017,192.46049659952126,189.27910012189437
2022-11-10,193.05662714991692,169897,193.97069990917703,191.90275934753194
2022-11-11,196.67102267098383,219042,197.19917591432016,195.75989073790305
2022-11-14,193.96610349382345,110506,195.9363873462877,192.33186259591773
2022-11-15,199.062697153411,134571,200.52565329571934,198.2035865224992
2022-11-16,203.78239357590587,190288,205.0954714722918,203.5038090989347
2022-11-17,201.70064439689148,315412,204.41807545160816,201.3621592307541
2022-11-18,208.1089374059878,162498,210.8281142706428,206.17726880734443
2022-11-21,205.44886303012044,131225,205.75630156905956,205.38878111744722
2022-11-22,198.1761981253118,151265,198.92848488971632,194.8114337621667
2022-11-23,202.75270697932837,290711,204.2400913070686,201.72285030189863
2022-11-24,202.43051029435586,118094,204.42610046505987,198.72944054984788
2022-11-25,206.58978248187566,140068,208.3717299270322,204.14923614813912
2022-11-28,203.65982076040683,118642,205.03903391725333,203.10177630060636
2022-11-29,198.74362080007023,146949,198.78936681698193,198.58376497616956
2022-11-30,203.8639974174266,181107,205.17211207692108,202.4325613171538
2022-12-01,198.3647922965468,272921,202.33645041107377,195.6792908168599
2022-12-02,192.42127531753846,56258,193.20004919136016,190.6291952343418
2022-12-05,185.29985909517814,214860,185.36928129739835,185.29804799429385
2022-12-06,175.36787790064525,104214,176.40174125069203,173.69127581790437
2022-12-07,171.8984403336565,218936,172.21778479460949,168.8300218015965
2022-12-08,164.7313030388708,302494,168.65592977817067,163.61581484715055
2022-12-09,164.74578196006885,267746,164.93140959642145,163.1586142348988
2022-12-12,157.66542481861094,176130,158.31396830379967,157.06862394954368
2022-12-13,154.37577922711742,247026,154.68875788021404,152.1688867643355
2022-12-14,161.8760623024987,101550,163.8154085079511,159.39567898347718
2022-12-15,163.1277244800654,157327,165.55514824358227,162.19475977818132
2022-12-16,163.43078922730413,347922,166.0786643554554,163.07576424500314
2022-12-19,158.34473980299686,109685,158.7898055375312,158.25873013220968
2022-12-20,157.69497045077728,179626,160.91094303149868,157.44897010348416
2022-12-21,157.9731009808247,135321,158.98865424244343,157.2340877369127
2022-12-22,153.1045705620818,147627,153.41404933297466,153.09599649275435
2022-12-23,153.61427756308285,199393,154.30849912987003,153.17434872967826
2022-12-26,157.44393370576282,142235,159.53279134991124,157.18169265748077
2022-12-27,156.47625231075776,162477,158.90579715488616,156.4670108547059
2022-12-28,155.98495006835114,126463,156.07709041806154,154.06880318423146
2022-12-29,149.86240908311294,65348,152.69985189000147,148.47199507591188
2022-12-30,145.84332411391802,179251,147.642331112282,143.02145179270698
2023-01-02,149.08055911220245,202751,150.97878131347326,146.82093634137073
2023-01-03,147.23880788777382,324839,149.03797727166807,146.9033852852701
2023-01-04,144.64197908750376,152370,146.37431842156698,144.23566458011192
2023-01-05,142.7664269799323,81035,143.20947762119178,141.08923762832677
2023-01-06,142.71656415864135,111635,143.55464503100134,139.16850903496325
2023-01-09,139.55967343074624,213244,140.33861387817507,139.3359051056492
2023-01-10,140.0252280095524,156019,143.55578365880834,138.53718415017994
2023-01-11,136.37691045635697,187146,137.2816282475576,135.58958363607283
2023-01-12,138.6152975976306,136415,139.24831875417613,137.08232258248458
2023-01-13,135.82419115884625,414531,137.67634232408278,135.4333673779234
2023-01-16,139.57006088795686,386154,141.10092200974395,137.9066982148853
2023-01-17,139.65373685050434,102150,141.21878866374217,139.1930992962966
2023-01-18,137.42154358546702,256405,138.11291695869136,136.69861047328598
2023-01-19,140.06160679372485,189478,140.69431629249598,139.51470346337663
2023-01-20,136.37281700934102,163861,136.4164890980579,136.00237765177357
2023-01-23,134.99680666975377,105889,136.41459012310818,133.00052856804095
2023-01-24,135.10464324551992,366137,136.2181746511078,133.5572123417583
2023-01-25,134.88550092442796,291451,137.41483597302548,133.94937941213246
2023-01-26,129.67801467505274,78546,129.94122262417307,128.7822204127702
2023-01-27,127.41400125278646,325053,127.51484346681424,126.92064438232742
2023-01-30,127.9457471771665,159661,128.3347034208336,126.88694459468363
2023-01-31,124.71217630470281,120704,125.95103758276969,122.57752674134707
2023-02-01,128.01367301923264,99878,129.70928510161852,126.68484306746447
2023-02-02,129.3912417780053,261035,129.45140682044274,129.1643876371389
2023-02-03,128.16979247976704,198778,129.4563820760576,127.95759149158799
2023-02-06,127.70846376327493,105127,128.19467612395445,126.12097989629906
2023-02-07,132.6589198484974,108494,133.8484967093089,130.94675140394506
2023-02-08,135.273829510846,134086,136.37302485324494,133.3848567523474
2023-02-09,136.41551342431993,125963,137.28497295677337,134.9725504140122
2023-02-10,132.7138223507633,211904,133.15537708353304,132.52164557703952
2023-02-13,137.22025350402228,196686,137.57460669810982,135.94047226763507
2023-02-14,140.25123443871925,118441,140.65199375778957,139.99651234092386
2023-02-15,139.9474840509891,71057,140.4139001856281,139.4680852552657
2023-02-16,138.52811160806854,83533,139.26481339620707,137.8190701476846
2023-02-17,138.11894002056206,251457,138.60893862715827,137.95738053585595
2023-02-20,134.94623833115216,98972,136.45873543293453,134.34773122745833
2023-02-21,133.78857472910815,172054,133.84716485643358,131.65863320739103
2023-02-22,135.9550020444094,67401,136.65246246843896,135.683085912396
2023-02-23,131.23262846005218,198497,131.90401225717045,131.10417211887136
2023-02-24,130.51524640616648,424965,132.7732323175576,129.8563411624007
2023-02-27,130.91721411249813,83781,131.57088910421038,130.30481572716062
2023-02-28,131.29366486645247,214239,133.14593439602808,131.16216220915362
2023-03-01,128.3367658006497,186508,129.03598127607995,127.01703945333125
2023-03-02,125.43839153482888,257542,125.96848679347514,124.43993765529511
2023-03-03,128.3034346320453,152417,129.33622221389456,126.41450467791492
2023-03-06,125.29957370817763,186542,126.60169441262023,122.94361205170105
2023-03-07,127.95523534093809,178257,128.12972988014255,127.2595232177953
2023-03-08,126.82816928196614,216732,126.91582208561813,126.14229667474305
2023-03-09,129.70064956963893,106984,131.04729446588308,129.48473457944993
2023-03-10,128.71588447093978,179194,130.18895532552438,126.0616813438821
2023-03-13,125.84841196614735,244058,126.31400470663701,125.03896185961615
2023-03-14,128.1253651915757,291850,128.72958768526914,127.82598945514792
2023-03-15,128.18331345014718,208535,129.232701052201,127.44013090410962
2023-03-16,132.05690225998347,92412,132.2840469471872,131.81592832217578
2023-03-17,134.54206608361267,74847,135.21023273931215,131.47224282247112
2023-03-20,134.03331340458473,199648,134.20857763693508,132.8614240573358
2023-03-21,132.93961791814627,98142,135.0169074223784,132.35354034681498
2023-03-22,133.10821864387032,248243,134.89479373580744,132.65336508181664
2023-03-23,133.7224885774771,140942,135.80423906048492,132.9108897860158
2023-03-24,131.49011809204973,269900,132.44056689999536,130.22170393774354
2023-03-27,133.83002072455815,471138,134.29858407500473,132.29499580467447
2023-03-28,132.87691157572922,157761,133.60513549447387,132.3571706525926
2023-03-29,131.86288964350481,153583,133.29658046515206,130.90914930481236
2023-03-30,130.54903472127486,270153,131.39104792308603,128.9026806137864
2023-03-31,131.25857681856388,277049,131.93046114103427,129.67771992026266
2023-04-03,129.55794003676118,381095,129.79042165043035,126.56892625352208
2023-04-04,130.0121095745951,179563,131.0197441991374,129.4850274585123
2023-04-05,137.5186656552203,118606,138.10159348235172,136.916207125288
2023-04-06,137.4812396531422,163383,139.0918668627462,136.79397536620291
2023-04-07,136.40213177630628,119155,136.92898038661784,135.60056895970257
2023-04-10,132.03322422407692,183488,134.02462510469178,130.80988148342908
2023-04-11,132.271685135845,105438,132.47727326588486,129.97414947711707
2023-04-12,129.47313517246616,255506,129.80147220276066,128.87814196563832
2023-04-13,128.60712914247932,230670,129.89867883886754,128.44531312143386
2023-04-14,129.10091672350984,174471,129.97428605413646,127.65505543525671
2023-04-17,124.80775703216385,164849,125.06504023894038,124.15640163003448
2023-04-18,125.3016292684655,147528,125.39970918104551,122.77876860874339
2023-04-19,126.16797679536221,313679,126.29402845809074,126.13175598847671
2023-04-20,123.03540603251837,294698,123.1848127770952,122.90850429106695
2023-04-21,122.17152305582243,175055,123.6334444688881,120.01969994575289
2023-04-24,117.87357558748965,106050,118.64504846192739,117.65531295356976
2023-04-25,121.74426735862536,90361,124.0052399980421,121.13058272570073
2023-04-26,122.6498982410815,187927,124.73252609723727,120.98852348271168
2023-04-27,122.30796545320494,118298,122.4370471624357,121.19746758583716
2023-04-28,122.006394147182,206481,122.31570427350637,119.78826350044739
2023-05-01,124.89861479575121,134141,125.00433678999227,124.74532310755521
2023-05-02,124.76338400938754,239636,125.53865597025151,122.52452252896619
2023-05-03,125.69211073165152,180539,126.04534413084667,125.28925555904904
2023-05-04,129.67196848298755,268076,130.1575747968674,129.06085624003433
2023-05-05,128.8803686397656,53265,130.4306823267368,127.4832120989309
2023-05-08,126.19544963825322,145288,126.61044561016774,125.71688712028734
2023-05-09,124.23089383647697,493063,125.31692241190883,123.78083775185219
2023-05-10,127.9340834081658,46556,129.08608983796034,127.06276189220621
2023-05-11,128.27080897066975,248035,129.88484767990968,128.12303101468606
2023-05-12,127.09020352367664,200586,128.4829277301959,127.06786780297426
2023-05-15,129.69298271687157,309542,130.06351221638695,129.4820563323921
2023-05-16,132.4134379728723,149224,132.44879942513455,132.27723547113465
2023-05-17,131.26473715548508,295131,131.47867766673986,129.22031418272732
2023-05-18,128.84078812353988,299075,131.5641028144392,128.00480860540017
2023-05-19,124.95664904303968,179582,125.48280831957189,123.21690706292138
2023-05-22,120.64943282633105,90943,122.59025600302107,120.28669216307438
2023-05-23,120.10776266858112,256915,121.10474873963668,118.60471575010236
2023-05-24,118.0756408321435,100035,119.61310122498112,117.37263079782285
2023-05-25,122.64511379374258,151950,123.94536501405034,120.76604415155886
2023-05-26,122.88705560221335,261307,123.17102067825185,122.2975138264632
2023-05-29,118.29987277308118,280978,119.01959658029908,117.64322546658622
2023-05-30,121.80206157479077,136765,122.67538983894613,120.37012628257864
2023-05-31,122.29442869282174,222680,124.50670991718935,122.11041343680495
2023-06-01,124.13020770714044,75262,125.3479147565539,121.55201202309762
2023-06-02,125.93573943444719,128516,126.33978357640213,124.77647824026073
2023-06-05,126.78628880607275,339238,127.36541737832911,125.8565628005958
2023-06-06,128.22284879305835,318600,129.32632507914306,127.40724327457143
2023-06-07,128.9397150265371,227432,130.64866645939557,127.40363603325558
2023-06-08,126.21884325959279,151612,126.24287279867619,125.43132839645645
2023-06-09,127.24977606162133,248607,129.33714718348682,126.34543585800424
2023-06-12,129.98642289066564,160875,130.33643453179585,129.75771364930563
2023-06-13,129.54507336389798,177037,130.54613843013834,128.26620543353764
2023-06-14,131.08617374817175,170108,132.16390518274713,130.4790520508983
2023-06-15,132.29664406657102,110441,132.59424999416797,131.0608381911378
2023-06-16,137.29882378555976,233973,137.50544462509134,134.70799342778523
2023-06-19,136.71585760649037,95322,137.11076670723483,135.7727825867708
2023-06-20,136.02853184632562,239886,137.5564490481608,135.05331988646097
2023-06-21,135.81939454725742,100679,137.05387012044136,135.21842616077433
2023-06-22,135.65002188174657,113432,136.10619365260146,134.3864271920509
2023-06-23,129.7261702470274,39323,129.78058796864255,129.58001311528102
2023-06-26,128.17206888878792,150536,129.4966473687433,127.00949405562302
2023-06-27,129.046312388689,178902,129.14352925067354,128.0491069593367
2023-06-28,129.12826599535697,246110,130.3500764509887,128.01720884105143
2023-06-29,127.18203890012188,313463,129.77710191314924,126.82259440527679
2023-06-30,125.60271276859771,77257,126.87873204643876,124.99995243224583
2023-07-03,124.81237250846205,266309,126.85154228335139,123.65815646122469
2023-07-04,122.92570568949198,129053,123.47960730600137,122.85513238834045
2023-07-05,121.76818836412791,156995,122.51047545820293,121.09043668186389
2023-07-06,120.55804515694277,154409,121.97308843744764,119.20496712802309
2023-07-07,122.83460263413548,129993,123.90549262057606,121.51838937297816
2023-07-10,125.45744053306957,104301,127.84705778796719,124.66171377357223
2023-07-11,127.92424895404717,187139,128.0950166320916,126.93650807066531
2023-07-12,129.12388852662255,244158,130.7790551364381,128.69390812453761
2023-07-13,127.40944411002289,86691,128.88635753466434,127.21594768139452
2023-07-14,129.9828448405189,161178,131.1143479628314,128.9429358090876
2023-07-17,129.27183913171658,118835,129.54283859538876,128.08674381109822
2023-07-18,129.43495945952915,281520,129.6248034120064,128.68622684745668
2023-07-19,133.05238489368912,208311,134.88929445392506,130.45175559227644
2023-07-20,133.38274525199364,346054,134.67474237730565,132.44858890130317
2023-07-21,134.15132579915004,75028,134.37687336654335,132.2950188864674
2023-07-24,130.51822472318017,272964,133.8493502233031,130.38086308720636
2023-07-25,131.90118660615212,176545,133.56159791619442,131.7842409994882
2023-07-26,129.44459127712315,113256,130.01643773380212,129.24157207029825
2023-07-27,132.19679930520618,207856,135.399721827612,131.9338772726753
2023-07-28,131.815040623103,356117,132.18123854463445,131.5978525254996
2023-07-31,126.15059046527051,363054,126.64390886527336,125.21819709712015
2023-08-01,125.35076828261195,245513,126.13613929979513,123.35810648002611
2023-08-02,124.88024810084623,99131,125.4991697945266,124.3702695347107
2023-08-03,126.199598348148,190028,126.39284956039039,124.81802582866146
2023-08-04,128.00572829893918,193147,129.68889163784272,127.41648730924263
2023-08-07,127.27113478960372,302854,128.5187969202153,126.89541010722782
2023-08-08,129.97954530348218,149875,130.07102535863254,128.98065119448233
2023-08-09,122.09946356296761,164026,122.34580059650905,121.04640137850754
2023-08-10,120.46463299361024,117388,121.45698877927043,118.09370932849838
2023-08-11,117.90850263710686,227304,118.24017428523433,115.50808957995159
2023-08-14,115.07973685964163,146136,117.1190779258207,114.44229388456694
2023-08-15,117.40381228964438,178615,118.12722947055407,116.56612233550537
2023-08-16,119.46253260245815,128698,119.54748715484541,118.9158505293983
2023-08-17,117.71746477740027,166644,118.23398803711282,117.5905060630795
2023-08-18,120.62041241857486,94825,120.67684751251872,120.20741566885948
2023-08-21,120.96217156485633,176388,123.039748811658,118.53971792260621
2023-08-22,120.04230028063998,120416,120.11453932756388,119.28810208843355
2023-08-23,118.48492378981122,230882,118.71395486656523,117.21815843413684
2023-08-24,116.74829499552494,409923,117.30559626192701,115.40604629452443
2023-08-25,117.9517673577534,248413,119.07054541520343,117.37850556255334
2023-08-28,119.59115545274119,92970,120.48250352091941,119.24952137741731
2023-08-29,120.25913970516606,135992,120.4178062833897,119.83616978404889
2023-08-30,115.52010203534464,72776,116.11781375086784,114.92979012854094
2023-08-31,116.29984555492553,163862,117.02950272985154,113.17976732379897
2023-09-01,117.71655549852342,67029,118.63675275971448,115.90391146303818
2023-09-04,116.24447898140988,89260,116.95945789769362,115.86547034806064
2023-09-05,116.43818852058455,281567,116.58155587056804,115.87282086955543
2023-09-06,112.26732700750294,250325,113.63727136565313,111.04563498722942
2023-09-07,109.62697805326529,76100,110.11287616384445,108.93746786756714
2023-09-08,109.00554880269173,130128,109.12382767698908,108.08266555072466
2023-09-11,108.41904489639391,205200,109.32422003853118,107.6674852842082
2023-09-12,109.27169023991567,198044,109.97117075432314,108.62125059705552
2023-09-13,106.79369019442777,72143,107.68959326085383,105.40237714820978
2023-09-14,106.1522859396604,185350,107.11206532026856,105.62950486157196
2023-09-15,105.20166501357167,120099,107.71463957225076,102.68242081124379
2023-09-18,106.40359211139896,296361,107.00703118697322,106.340397585708
2023-09-19,109.55866860819776,147253,110.2988525910921,109.19664483051383
2023-09-20,113.48589982037716,194783,114.30429859944037,111.53303662424216
2023-09-21,110.06925929465969,154112,110.49759624593429,109.58474885590685
2023-09-22,110.05161838547738,227117,110.93823456054477,109.48672188141799
2023-09-25,107.71608548612575,110853,109.23245494853042,106.75035183325113
2023-09-26,107.66279008894087,227322,108.60400611782721,106.15860077273871
2023-09-27,108.66420229045912,297890,108.77393096905583,108.42480394614446
2023-09-28,108.9285575598517,407493,110.19386353184997,108.30872885693347
2023-09-29,108.90892670196173,359293,109.32264415637408,107.4729578400287
2023-10-02,112.27742097290682,124484,113.41523799107952,112.0728704665982
2023-10-03,113.99932980347698,217200,115.65833281841745,112.82883035864776
2023-10-04,113.47011295112297,243713,114.35292820964622,113.2432558828384
2023-10-05,113.61592796836028,218605,114.30800083060296,112.03903795101446
2023-10-06,115.70474719707526,237219,115.87961074705407,115.29474514542747
2023-10-09,117.2182373357642,201183,117.27577344842837,116.47753201842868
2023-10-10,116.31894589488847,123917,118.41765758442814,115.13329741918729
2023-10-11,112.3513590136653,180512,112.45371437417683,111.03728651815317
2023-10-12,109.80850059234149,248548,110.88413072448746,107.95741947222976
2023-10-13,110.2177031490996,205007,110.86247679772147,109.35318385719168
2023-10-16,106.43420410488424,94072,106.95437038911683,104.83142187263955
2023-10-17,106.19522043117394,104944,109.08099986410348,105.37406576655732
2023-10-18,105.32046175412223,132638,107.31966104064118,105.17073134686653
2023-10-19,107.53246209675102,146912,108.08801372169874,106.60912853897166
2023-10-20,104.81866933244059,176069,105.22263290015768,104.59901360142321
2023-10-23,100.926902675165,99852,101.28098847496713,100.5283434426272
2023-10-24,100.16348530257369,242190,101.16615696356476,98.96063408281236
2023-10-25,101.52438000454185,64293,101.97410736672855,101.51096023684111
2023-10-26,103.80325604687053,212001,104.2646077674434,102.46630443954814
2023-10-27,102.01407545039132,209665,103.80565255902326,101.14237216338539
2023-10-30,103.06048751900254,224593,105.27256190223467,102.69655391976121
2023-10-31,100.87553845020982,35119,103.03469943427639,100.81791762757669
2023-11-01,99.45556038115751,82897,100.08759705060194,98.48158023377145
2023-11-02,100.67150692440939,136441,101.18218064134909,99.57392282532206
2023-11-03,102.20962183304823,177041,103.44729744791412,100.74081635220818
2023-11-06,100.26715817902232,156264,100.91728850270091,98.11828076573899
2023-11-07,101.30504087937224,108350,102.17103250007895,101.24171238732248
2023-11-08,97.66723853516854,309131,98.25692730992671,97.25390697141107
2023-11-09,97.35002586387243,191379,98.21407511563758,97.00492682198076
2023-11-10,95.24266821961113,133602,95.77301124499897,94.55203622529267
2023-11-13,93.79148279851712,99331,95.3425368340521,93.28571074866818
2023-11-14,91.50123808055862,168401,93.7582689872001,90.89348974336244
2023-11-15,92.59406354685213,305391,93.08100907986206,91.58416874251975
2023-11-16,93.7004058339479,165642,94.45600463794878,92.51199248734942
2023-11-17,92.48796348211384,160167,94.65607808907465,90.87028218968635
2023-11-20,93.25989426956205,168239,94.03207269649126,92.46393844055221
2023-11-21,93.8235235536688,172872,94.77935163536073,93.53305389954804
2023-11-22,93.65769317167653,144843,94.22970689981804,91.9026340929867
2023-11-23,97.86705515485642,100064,98.42482971510988,96.27293279118547
2023-11-24,96.31195026977598,349586,97.42017142611566,94.95069907232383
2023-11-27,96.4166116798845,223853,98.0503597353436,96.3957535706845
2023-11-28,95.75863114607316,469097,95.90573317072594,94.36196816591517
2023-11-29,95.12531867322575,208726,95.26155817778923,94.10817087659495
2023-11-30,95.50545882316896,144980,96.50229228446669,95.20299731963468
2023-12-01,95.02076933658768,101425,95.0467682156352,94.37068122037489
2023-12-04,93.47433971702057,137999,93.91175842009883,92.8035077794755
2023-12-05,93.7818656213495,91448,93.98940868508467,93.56068342936838
2023-12-06,96.10277002800409,464594,96.86030858594951,95.48818777890673
2023-12-07,98.01038746489826,161374,99.34652686566731,97.50457197743673
2023-12-08,98.48796493987238,241114,99.07087529201269,98.3968589134047
2023-12-11,97.12768189115413,263282,99.0098213811065,96.16536171580859
2023-12-12,97.56853099456796,279416,98.72001902595686,96.8678190108944
2023-12-13,99.78799380849802,581830,99.98128400152783,98.84352766013254
2023-12-14,102.2756540498477,155172,103.54774398850938,101.80740400917121
2023-12-15,103.09649558492167,148608,104.82421459396987,103.08634428693894
2023-12-18,102.42985839538892,176705,102.7528997797744,100.87459862883959
2023-12-19,102.09698562732316,236634,103.00929258500375,101.27917113850364
2023-12-20,103.76867257599844,177982,105.30126881957048,102.0909235398747
2023-12-21,105.28711467046318,142283,106.46633321360687,104.47539479419389
2023-12-22,101.73150630712877,113781,102.10143303519762,100.6822276516026
2023-12-25,103.16291141130162,110506,103.55175940784682,102.57922448216209
2023-12-26,104.72471754355564,186229,105.05930123772251,104.69364424153999
2023-12-27,102.96522822699113,98771,103.4359098538465,102.17928632047773
2023-12-28,101.4830428370107,65708,103.17128824179653,101.39792288090675
2023-12-29,100.03783224750671,172408,100.26599801143622,99.49401743100171
