date,sales,temperature,promotion
2020-01-01,107.45071229516849,11.327105291131904,0
2020-01-02,,15.688062851230164,1
2020-01-03,120.28955470697063,12.166042742782853,0
2020-01-04,128.4214520267389,17.655027211473897,0
2020-01-05,93.79794276033691,18.56796960425063,1
2020-01-06,88.79925436259538,12.241774657246712,0
2020-01-07,118.34146389290375,15.487295374452945,0
2020-01-08,114.39349629573516,15.377941570496445,1
2020-01-09,104.06785232226748,17.032998788930108,1
2020-01-10,121.58819908302587,15.927269100304567,0
2020-01-11,101.49604469804196,16.50813727988307,0
2020-01-12,93.19062931504078,18.80644076684305,0
2020-01-13,98.80139503928137,13.708101840891555,0
2020-01-14,68.8083356154865,19.429840981347294,0
2020-01-15,79.85538812577508,20.808523946534518,0
2020-01-16,105.51504740880712,22.454229111700336,1
2020-01-17,101.0882374971835,11.28766541229928,0
2020-01-18,115.98274375593887,17.334201435749524,0
2020-01-19,89.3680628505183,12.151890608030865,0
2020-01-20,76.78868830487151,10.905385472534238,0
2020-01-21,122.28230110556532,18.805289834184276,0
2020-01-22,105.12060508256728,17.336991334189793,0
2020-01-23,117.72776087901529,19.594389689786073,0
2020-01-24,97.66166598345632,20.312516664805205,0
2020-01-25,105.84151184868621,22.75597772879877,0
2020-01-26,107.37584784817027,19.331020089204625,1
2020-01-27,83.41662717733502,28.09506087329705,0
2020-01-28,108.62536930715576,20.39867895903455,0
2020-01-29,102.17338632174582,25.16001635937655,1
2020-01-30,114.99788635273818,12.785824800974268,1
2020-01-31,112.64783729246997,23.98390000542425,0
2020-02-01,144.41342658879276,19.541282909988443,0
2020-02-02,108.11237112665587,14.385901255209514,1
2020-02-03,87.39887845125828,21.638409095090502,1
2020-02-04,117.89065283507364,19.612146813506257,0
2020-02-05,95.41184418603632,22.403779076158955,0
2020-02-06,125.02612073059112,23.837778650744216,0
2020-02-07,94.77599697066373,16.476311215565048,0
2020-02-08,99.18121638159735,24.125971946300893,0
2020-02-09,113.71905182890457,21.23630735532763,0
2020-02-10,116.76881187524505,25.409206658947255,1
2020-02-11,,20.867173410763517,0
2020-02-12,114.36725759225628,20.201408072062122,0
2020-02-13,119.72835410338534,21.821856738613015,0
2020-02-14,104.31866750334692,22.172341922591112,0
2020-02-15,110.604952057388,20.002438601180355,0
2020-02-16,106.12778101541078,20.6238433268723,0
2020-02-17,123.79196686253205,18.551990650896016,0
2020-02-18,115.32430423438215,21.046401471958827,0
2020-02-19,91.8423243437689,24.494811325316867,1
2020-02-20,131.26266444979572,22.16715375325504,0
2020-02-21,122.84681278568335,25.71750448073117,0
2020-02-22,113.34490167053694,22.242836821207955,1
2020-02-23,124.27771186596979,18.61107997594554,0
2020-02-24,125.43395047217314,24.80162797245265,0
2020-02-25,126.14121509130516,21.090732997685414,1
2020-02-26,107.66935594627437,22.510899311838287,0
2020-02-27,123.70017911219567,27.0206863105736,0
2020-02-28,135.49579472475466,19.91986931691393,0
2020-02-29,140.00211977805156,23.98873615720796,1
2020-03-01,109.75116854807887,23.46246018281154,0
2020-03-02,108.98588946562948,25.77376266912339,0
2020-03-03,97.34401576486762,26.32085002503237,0
2020-03-04,104.04637607918055,24.628720486366653,0
2020-03-05,142.2225677003666,22.83527800822767,0
2020-03-06,152.53085817596164,25.41307942760813,0
2020-03-07,125.91295495463204,28.07382841241167,0
2020-03-08,133.57935016602843,24.056206677547515,0
2020-03-09,118.74597183667646,23.404819824833346,0
2020-03-10,105.77566717786218,25.43688623518351,0
2020-03-11,128.8862924529298,24.451599972288047,1
2020-03-12,,20.382571587777225,0
2020-03-13,133.04979632274666,25.17119287032376,1
2020-03-14,151.82429967763744,20.467616498334543,1
2020-03-15,80.55306607504474,25.6832353776661,0
2020-03-16,126.93395325632994,22.217426082355274,0
2020-03-17,118.00301396723377,24.7656960707024,1
2020-03-18,120.18572628509763,25.87021368827065,0
2020-03-19,134.01503694443733,32.100632396980636,1
2020-03-20,104.89976599654771,27.004780730177416,0
2020-03-21,126.14570372384168,28.905642726944123,0
2020-03-22,126.2519132769608,30.458301901072105,0
2020-03-23,137.77948565128906,26.33972562390842,0
2020-03-24,109.88843546740576,25.755005430472316,1
2020-03-25,113.46799106997179,21.72082190143904,0
2020-03-26,125.99607427317629,24.591208849821236,0
2020-03-27,149.28726251645463,22.789007146193008,1
2020-03-28,135.1739985672069,23.769318660400295,0
2020-03-29,113.7096949419358,30.595759193248824,0
2020-03-30,124.0297999072005,25.335953088279723,0
2020-03-31,119.79713445103559,22.36975250377741,0
2020-04-01,140.76226258333637,29.1234558705811,0
2020-04-02,123.58748959545781,27.865127086674402,0
2020-04-03,131.1957836475083,28.018747333280146,0
2020-04-04,124.87420153627397,18.970924529541392,0
2020-04-05,100.17506254822307,30.825900296320444,0
2020-04-06,121.20288049633169,23.291962271932267,0
2020-04-07,122.64570192993091,27.28604034611556,0
2020-04-08,126.65683171327805,32.50529992011003,0
2020-04-09,130.90570067743587,31.37868371235911,0
2020-04-10,115.14510718796696,21.955850687787823,0
2020-04-11,124.66989073570515,20.52791047240913,1
2020-04-12,117.16968570522891,29.12250953376528,0
2020-04-13,104.86849176232278,25.224735135740662,0
2020-04-14,116.41121939330115,23.260121786963083,0
2020-04-15,132.70069479657585,26.587731202037112,0
2020-04-16,162.7363923177744,24.193868768788395,0
2020-04-17,138.97286190031812,26.742046642513536,0
2020-04-18,134.78093132667195,24.79173432379733,0
2020-04-19,121.09155829814631,26.707829285562887,0
2020-04-20,87.97883695283755,21.804120796990308,1
2020-04-21,118.2506460887406,28.70535069896377,0
2020-04-22,127.32152479511522,26.466289496841085,0
2020-04-23,171.13087326760066,26.250992472332662,1
2020-04-24,133.16813531475378,20.895015962249108,0
2020-04-25,135.1011888206356,29.280111732777108,0
2020-04-26,121.30906424935112,24.07053805522783,0
2020-04-27,98.81317280247379,26.223608516513533,0
2020-04-28,135.33534433967804,22.99608919166575,0
2020-04-29,137.2037013783942,24.669677672339205,0
2020-04-30,145.5166292411206,24.69821062065969,0
2020-05-01,121.84421966887308,15.26424777203935,0
2020-05-02,151.01425841445345,25.386015361801846,0
2020-05-03,100.15954437298076,29.446769471063188,1
2020-05-04,124.46730573195201,25.07962965789321,0
2020-05-05,150.3348216787756,20.49420439367571,0
2020-05-06,110.31587885426599,25.22177807092416,0
2020-05-07,124.37049865412341,26.352451408769205,0
2020-05-08,136.15858777185107,24.611106991594657,1
2020-05-09,,22.74863460858181,0
2020-05-10,97.03725205360561,22.139517983394228,0
2020-05-11,115.76894369613784,22.019658461969406,0
2020-05-12,100.58605316852152,24.742244607374865,0
2020-05-13,131.28742878848192,18.315604658750257,0
2020-05-14,118.05065164469367,21.3071895883036,0
2020-05-15,156.85776047791694,27.09327443821776,0
2020-05-16,116.28094404505109,27.090504572615757,0
2020-05-17,114.3483326211272,17.63282429237117,0
2020-05-18,125.79457597542489,18.550280187297936,1
2020-05-19,96.87871135582503,21.007859752320815,0
2020-05-20,126.38674790577744,24.370672446755623,0
2020-05-21,150.21120190945075,16.08168269982041,0
2020-05-22,108.22978840874994,21.268939299292484,0
2020-05-23,129.5043076367927,19.878183440104753,0
2020-05-24,121.75484248309373,25.144106153812082,1
2020-05-25,123.96932814554594,15.99915324878695,0
2020-05-26,95.41094625679429,21.169382718803828,1
2020-05-27,101.76544316866034,19.571071295073992,0
2020-05-28,137.00509713487097,25.019733041115543,0
2020-05-29,135.34375412974273,22.26007066774569,0
2020-05-30,,18.564824410701195,0
2020-05-31,121.55206170976747,22.736014432519138,0
2020-06-01,100.5171233542001,18.86142063786732,0
2020-06-02,115.90188559637545,22.876460588142383,1
2020-06-03,124.3992164906853,19.01636112020604,1
2020-06-04,116.8701094319342,22.7393134970488,0
2020-06-05,157.26419133518033,20.72992738505247,0
2020-06-06,,29.04821407397352,0
2020-06-07,96.83460305274448,18.951849530622336,0
2020-06-08,118.8956717418916,20.101704762513496,0
2020-06-09,96.10942110598978,17.35625421209765,0
2020-06-10,130.10329856606876,18.642872147093403,0
2020-06-11,143.24119534443568,10.368522809394452,0
2020-06-12,115.22785246422019,19.70896432763996,0
2020-06-13,136.32118845674825,22.178038846137753,0
2020-06-14,119.1256227231601,19.175578187435264,0
2020-06-15,,13.879492252887063,0
2020-06-16,137.3831966355936,15.250268819913554,0
2020-06-17,112.80482374610071,10.198821704068855,0
2020-06-18,112.7324733052527,20.259201260686975,0
2020-06-19,112.35994459480833,14.135233272338558,0
2020-06-20,107.7869707414207,16.900353658165027,0
2020-06-21,109.92065463724865,16.356385158932095,0
2020-06-22,110.51367250206856,21.11135957354678,0
2020-06-23,111.20639805385855,16.73411528860252,0
2020-06-24,127.00990362253827,18.734605518885623,0
2020-06-25,122.34252801511562,17.776586438302484,0
2020-06-26,145.6078319880349,20.04436127869623,0
2020-06-27,114.15031171299638,15.077401915727334,0
2020-06-28,149.97034166735793,21.232029785056802,0
2020-06-29,112.86731857342399,9.494423708541774,1
2020-06-30,92.28058806785218,17.851923476405812,0
2020-07-01,96.61739210901109,12.507654251642823,1
2020-07-02,127.46063034470845,13.45724269967909,0
2020-07-03,,16.471731528250793,0
2020-07-04,126.90318984840349,16.275762234110267,0
2020-07-05,114.33894161824944,16.239028347782412,0
2020-07-06,100.4627148381157,10.0896304035367,0
2020-07-07,,18.42377735688381,0
2020-07-08,88.03358173618591,11.203600958827817,0
2020-07-09,111.60373283703835,11.43286056093757,0
2020-07-10,,15.477965980382372,0
2020-07-11,117.48943759273568,12.53409102976634,0
2020-07-12,86.6436760265958,14.149491029817126,0
2020-07-13,102.247481597873,6.585885709625016,0
2020-07-14,107.09209514317014,13.740215792735903,0
2020-07-15,95.60564056679911,13.372917926321447,1
2020-07-16,118.72189608084945,11.022701377734556,1
2020-07-17,118.95576576390154,6.1636281355940685,0
2020-07-18,95.264837122042,11.581783821567386,0
2020-07-19,108.83737071529902,11.94326220273615,1
2020-07-20,106.21247269650647,10.789743346573479,0
2020-07-21,115.71986371886317,6.219873335481556,0
2020-07-22,122.84380288963689,16.350533281986866,1
2020-07-23,93.93644078328145,9.48869728528265,0
2020-07-24,102.21359183975,10.578682224355095,0
2020-07-25,118.34679870918104,3.857998670734869,0
2020-07-26,109.4034443572036,15.713271192552106,0
2020-07-27,103.76739835558462,9.372543624971058,1
2020-07-28,155.52159156804092,10.912321221097415,0
2020-07-29,113.8728575836063,13.82518147413651,0
2020-07-30,129.9245504017572,8.281435475773804,0
2020-07-31,128.89808308664226,13.048849745769875,0
2020-08-01,118.71737520288245,3.8253376052912555,0
2020-08-02,95.31163815960855,11.513949959620838,0
2020-08-03,105.78966001572246,14.430913215999666,1
2020-08-04,84.52172271153266,7.827697061511593,0
2020-08-05,100.16136584887408,12.781960486567305,0
2020-08-06,104.03603503050456,14.785101243554298,0
2020-08-07,114.26347641646606,8.378517087764434,0
2020-08-08,,7.991900227253928,1
2020-08-09,70.52457449532294,6.172820499505587,0
2020-08-10,103.21556925568764,7.203542569361298,0
2020-08-11,70.46415754612764,6.153539247138637,0
2020-08-12,95.20028532004447,5.771065481449018,0
2020-08-13,126.24175556608074,11.935617331524298,0
2020-08-14,112.61652180332004,5.842017094272866,0
2020-08-15,89.89358620352755,8.862053382064797,0
2020-08-16,86.4744971765091,8.077926230858585,1
2020-08-17,101.81371163339796,12.336330194886727,0
2020-08-18,82.42558084256846,6.213516546570723,1
2020-08-19,104.2809513800303,8.749521504003724,0
2020-08-20,109.37501831416259,9.86456657283884,0
2020-08-21,100.69189700953709,11.848108318070256,0
2020-08-22,137.06262947991735,5.715356709158174,0
2020-08-23,105.5871620208951,5.306984426973658,0
2020-08-24,60.14801905662953,3.86968354645385,0
2020-08-25,95.11486186702287,13.66064149146127,0
2020-08-26,90.07625320816607,11.004257472880372,1
2020-08-27,120.47937617085488,6.625744972330257,0
2020-08-28,97.6124217392523,12.450616218151632,0
2020-08-29,102.25007490365505,6.257127226610316,1
2020-08-30,102.75457982389545,8.644864196605994,0
2020-08-31,102.6470280791149,6.4135875411396395,0
2020-09-01,73.48368939123495,7.49047713256574,0
2020-09-02,94.19055349697385,7.08890938599064,0
2020-09-03,99.80902896409911,4.857833249040121,0
2020-09-04,98.97630411286164,9.33207324449156,1
2020-09-05,129.76497833665144,8.126870238749866,0
2020-09-06,100.60291838649098,8.989201576856509,0
2020-09-07,70.1325765005021,6.79659518955458,0
2020-09-08,104.67823774376505,3.048711625021559,0
2020-09-09,130.49993828842676,10.831818879990413,0
2020-09-10,121.91736290953536,4.853982325947782,0
2020-09-11,85.52081122449138,6.674611744710627,0
2020-09-12,95.59299393796168,7.432101184027962,0
2020-09-13,113.14369057762929,6.544572226484344,0
2020-09-14,78.08137151137413,8.167727509414153,0
2020-09-15,97.25716997990233,8.593614019788008,0
2020-09-16,110.01590223288241,4.6538321928809445,0
2020-09-17,92.29467123541619,10.16244917902944,0
2020-09-18,107.22638334812272,4.445925456748367,1
2020-09-19,54.08525529477286,6.220358409233047,0
2020-09-20,78.66201340200861,4.013448840718068,0
2020-09-21,84.83591530226725,3.1253418891281055,0
2020-09-22,71.85153747747086,8.250530816431175,0
2020-09-23,122.89150143793512,14.458767590662525,1
2020-09-24,84.79612111743359,3.9858481996820876,0
2020-09-25,101.60901009273861,8.698081667940967,1
2020-09-26,104.79670310833922,4.058315823712187,0
2020-09-27,,4.991476142330819,0
2020-09-28,67.29996196449873,10.285516075891042,1
2020-09-29,108.27038610210586,1.7849479738542247,0
2020-09-30,98.85472688504302,0.9868232105120391,0
2020-10-01,,4.738409833463627,0
2020-10-02,115.51978827872138,6.992638386111972,1
2020-10-03,106.24142939673888,6.397293206502677,1
2020-10-04,85.65826014948921,6.095911506239254,0
2020-10-05,90.38766708786584,5.126805466746121,1
2020-10-06,85.58736426944259,7.39751708392846,0
2020-10-07,100.98950723113677,-3.6866848958412533,0
2020-10-08,117.14427216627145,2.8212950253916826,0
2020-10-09,133.04665345644412,4.815189571797098,0
2020-10-10,85.39771335990764,7.2348778009571,0
2020-10-11,127.40760458675904,9.618738701990685,0
2020-10-12,60.85100802681677,2.5252289736321187,0
2020-10-13,89.92298715407232,9.58575453080767,0
2020-10-14,108.98510212709542,3.893719884021786,0
2020-10-15,112.34157202833833,4.901446546244106,0
2020-10-16,100.87094666445256,7.078117452391869,0
2020-10-17,101.8386658844839,4.769616037098229,0
2020-10-18,89.05300657179077,8.758028386765833,0
2020-10-19,82.36796845065648,4.265047027979467,0
2020-10-20,106.05993141839215,4.364255844695136,1
2020-10-21,106.67154589594321,8.745603515176798,0
2020-10-22,98.92865266079428,3.3598779916814525,0
2020-10-23,124.9404612509406,6.458392983391912,1
2020-10-24,110.84421360516819,0.7952608206279832,0
2020-10-25,109.95413583596769,11.303459326408102,1
2020-10-26,102.0047714903803,9.534738772985243,0
2020-10-27,82.27133127984469,14.238634630180696,0
2020-10-28,94.34214235672977,10.079300996099203,0
2020-10-29,121.99815204070728,2.7538001273629176,0
2020-10-30,122.10608342705774,8.229862413583383,0
2020-10-31,107.46257496078306,3.5536455487597935,0
2020-11-01,101.09949039235781,11.128115558658116,0
2020-11-02,113.34036020965887,3.179460028598095,1
2020-11-03,,3.1268144474145747,0
2020-11-04,,1.8387362530181548,0
2020-11-05,109.4788639007036,5.299388186654989,0
2020-11-06,111.44358117682671,4.794888221193295,0
2020-11-07,126.05090706331919,3.1795761971430885,1
2020-11-08,113.5484771784399,13.037530473278728,0
2020-11-09,108.23978154721934,8.763672071482102,0
2020-11-10,,8.518976254102299,0
2020-11-11,106.67599826311655,12.160292344179677,0
2020-11-12,124.7025982734993,8.27435000760685,1
2020-11-13,112.04875033397694,5.374531292453195,0
2020-11-14,,2.637121626405487,0
2020-11-15,101.27248951642053,5.4419066502787565,1
2020-11-16,99.5805095841567,12.494767307478408,1
2020-11-17,109.29942183342472,4.336031606285634,0
2020-11-18,96.23668550822661,9.28698233208414,0
2020-11-19,148.03774232073795,11.456940774028123,0
2020-11-20,103.82019199110455,9.340730906261735,0
2020-11-21,95.6185929884692,9.813105394625108,1
2020-11-22,122.86059986240484,10.716315252515901,0
2020-11-23,112.29232404561624,10.022543857476895,0
2020-11-24,112.0526530265804,13.848931102830294,0
2020-11-25,120.28039921715278,6.03960981674017,0
2020-11-26,118.83933180574856,10.022264054388733,0
2020-11-27,107.84805697672212,3.9884589732480684,0
2020-11-28,117.38966274940626,3.365776917404216,0
2020-11-29,97.77686105801402,9.487439379338507,0
2020-11-30,117.51312564198585,11.509586923719624,0
2020-12-01,102.97694836330072,14.919962547243315,0
2020-12-02,100.98712372032215,17.437316720067862,0
2020-12-03,116.73842048315841,14.288932763222139,0
2020-12-04,130.0582200708018,12.663639334865245,0
2020-12-05,110.37468789921645,11.116164926275522,0
2020-12-06,98.19890773629139,6.198005724493311,0
2020-12-07,109.158902985707,10.510244958567041,0
2020-12-08,111.4932784452931,14.977348838322662,0
2020-12-09,108.41947230610339,13.960080193953415,1
2020-12-10,117.1650957647246,7.566353404302542,0
2020-12-11,,13.428611799325079,0
2020-12-12,99.81365034570408,13.333902405604068,1
2020-12-13,92.14007965552231,12.961545547681673,0
2020-12-14,97.46155445872992,11.992373564357223,0
2020-12-15,107.36582858862377,14.237622450802975,0
2020-12-16,123.44945090418743,14.49855645698314,1
2020-12-17,,10.648755257879829,0
2020-12-18,142.2044903459842,14.105406101666096,0
2020-12-19,121.93437152057778,12.340079521294795,0
2020-12-20,115.77606472796765,8.615083344370323,1
2020-12-21,96.01959702567976,11.561052956842724,0
2020-12-22,113.11851428005284,8.72441319435536,0
2020-12-23,117.29329385695942,16.525839928330893,0
2020-12-24,134.69175107816113,14.823723084264957,0
2020-12-25,119.78369343129664,12.860446849818539,0
2020-12-26,134.9827692659617,18.359663987162495,0
2020-12-27,141.91736993690284,14.473520840633025,1
2020-12-28,112.2962640611667,10.147544163045646,0
2020-12-29,122.29645890190339,13.294606477683297,0
2020-12-30,134.85363927016508,19.683548834411738,0
2020-12-31,126.71399589233336,12.94856719770275,0
2021-01-01,138.43718869864782,15.954678465767687,0
2021-01-02,130.26670360131735,17.5326268220665,0
2021-01-03,123.27756399453446,17.24273568137615,0
2021-01-04,105.21883386523669,22.99302296794792,0
2021-01-05,119.52421585069213,12.287296383262099,0
2021-01-06,134.85598768970675,12.75813796685933,1
2021-01-07,157.38203307178975,12.679292696388384,1
2021-01-08,152.34477078169766,15.44148676851026,0
2021-01-09,165.2520819726622,19.79766684587181,0
2021-01-10,113.17464786165448,13.574179855261058,0
2021-01-11,132.7664321075528,20.178820028345093,1
2021-01-12,124.76883169775034,17.112929323851446,0
2021-01-13,163.0889870601351,13.848775971850046,1
2021-01-14,126.33942254337812,12.089229075014469,0
2021-01-15,128.2012855618982,12.927506924830848,1
2021-01-16,126.79654822804964,15.678794829085891,1
2021-01-17,95.6505097554165,17.33424619756772,1
2021-01-18,114.60967924758032,22.044392421331924,0
2021-01-19,113.4357004620384,20.567082310069996,0
2021-01-20,135.29075752248772,15.815670099582032,0
2021-01-21,146.37137842490904,19.720179749710482,0
2021-01-22,171.70837094139128,23.609478765709838,0
2021-01-23,152.79936641117598,24.436166753818025,0
2021-01-24,121.5971639437407,18.029642242046105,0
2021-01-25,111.74709043390543,22.004995718527812,0
2021-01-26,134.9136514858802,23.456044510740732,0
2021-01-27,115.92773304636775,14.919742272057015,0
2021-01-28,171.39685157602267,18.05720226069537,1
2021-01-29,163.9202411803393,26.406585642189143,0
2021-01-30,134.15045869263093,18.994122450876244,0
2021-01-31,107.18039825205706,11.259628860078235,0
2021-02-01,148.13907089583648,19.831356360467677,1
2021-02-02,128.4047886078546,23.714340066708303,0
2021-02-03,,20.504636328406292,0
2021-02-04,122.55540688838695,22.774215176226722,0
2021-02-05,139.76335960497562,23.584142194370354,0
2021-02-06,143.7699830345942,19.844309431854718,0
2021-02-07,136.06264877471313,19.488839807451683,1
2021-02-08,123.53722435690106,21.64344926496064,1
2021-02-09,141.89896862981078,21.850740989730387,0
2021-02-10,124.69353810381816,21.61204314277836,0
2021-02-11,146.71995996251547,21.865782110241053,0
2021-02-12,152.91664943855196,19.46322677693937,0
2021-02-13,153.73998364872824,24.086293288510095,0
2021-02-14,148.3375320035147,23.757673062606287,0
2021-02-15,115.69669906218554,18.07443721512611,1
2021-02-16,111.7948538849823,21.035364642994804,1
2021-02-17,162.09504242896102,22.600349051421798,0
2021-02-18,156.03359106651027,20.834261832458882,0
2021-02-19,142.0488215224965,24.463207390153347,0
2021-02-20,171.42476288103433,22.46209997067349,0
2021-02-21,141.50219832764841,23.279353772772925,0
2021-02-22,152.32876539070293,21.67709696018201,0
2021-02-23,137.8610565163531,17.004325521215918,1
2021-02-24,175.85109518398744,16.935331546855778,0
2021-02-25,,24.955206782807508,0
2021-02-26,151.4868410695155,24.08469352238932,0
2021-02-27,164.6431745689609,24.695071705925066,0
2021-02-28,151.32636449249028,23.87515190092751,0
2021-03-01,157.01353276306912,24.2055769505236,0
2021-03-02,124.18488047756748,26.556552630440706,0
2021-03-03,157.00640875791075,25.068388874938485,0
2021-03-04,170.64373925599023,26.939722368626185,0
2021-03-05,130.54544604372913,24.411234310890833,1
2021-03-06,133.99015556775265,23.072925314462253,0
2021-03-07,112.69050131359135,24.631245299450313,0
2021-03-08,134.03970996292313,21.61199160829775,0
2021-03-09,150.98178302359509,23.050174095644554,0
2021-03-10,170.77375343373825,24.78889905343903,0
2021-03-11,157.36408971604334,24.81287131426367,1
2021-03-12,182.80330519685916,24.06163295641168,1
2021-03-13,132.44699620351764,20.27453278760246,0
2021-03-14,119.09940814279739,26.403719701412278,0
2021-03-15,138.58016981245393,27.049770853316872,0
2021-03-16,147.2733633480781,29.527926554406243,0
2021-03-17,149.00262751057778,25.969112629733644,0
2021-03-18,126.45637684733572,24.69224596283129,0
2021-03-19,158.2130832560978,21.6899809579429,0
2021-03-20,134.71755283791833,29.243453133186215,0
2021-03-21,155.79138136161154,25.54633816339299,0
2021-03-22,145.96839602030852,25.415497644073668,1
2021-03-23,128.4299398681759,24.10283797126462,0
2021-03-24,142.76035933649786,23.937807095544958,0
2021-03-25,142.51453246598393,26.980298108204355,0
2021-03-26,159.5037021947372,21.872023993922884,0
2021-03-27,169.46489014388743,29.830549070620876,0
2021-03-28,131.77260702464721,29.19179487324837,0
2021-03-29,148.80127078495562,23.919042816264813,1
2021-03-30,135.30428292531542,22.398692109692778,0
2021-03-31,139.26406682062708,18.950769906392868,0
2021-04-01,157.44479982490805,21.245290226156047,0
2021-04-02,,27.189451272057454,0
2021-04-03,147.3978461569263,25.942968242831753,0
2021-04-04,129.1137709497363,26.47217097859876,1
2021-04-05,171.19348986572695,19.445782433392957,0
2021-04-06,144.22773773541437,23.78343154707475,0
2021-04-07,141.06052286067614,29.05810335090954,0
2021-04-08,,24.650663015893166,0
2021-04-09,159.68170928831609,21.101380293154058,1
2021-04-10,152.66330604300407,24.5600417956379,1
2021-04-11,156.5284813973701,22.555452779262218,0
2021-04-12,153.27811996103588,25.840278210976873,0
2021-04-13,135.89309335811805,24.868701574867263,0
2021-04-14,143.0299896152102,26.40187776907075,0
2021-04-15,155.352357043412,21.080247546748975,1
2021-04-16,126.86707287260093,23.34701891861158,0
2021-04-17,133.2386394967358,27.92075348182267,0
2021-04-18,167.76729062048216,20.540036699702213,0
2021-04-19,166.49791325062418,21.544125574512854,1
2021-04-20,139.9828298758412,25.099111289238554,0
2021-04-21,160.14342523631063,25.30635504947498,0
2021-04-22,163.9349328852049,22.921766904601363,0
2021-04-23,207.3275956351638,23.492390531643235,1
2021-04-24,172.46928366676389,25.86397839766049,0
2021-04-25,145.01545664638513,26.747077795781802,0
2021-04-26,127.12146371002294,20.921656984828473,0
2021-04-27,119.21422831687835,25.15072821952639,0
2021-04-28,154.10122030847046,28.519584994837302,0
2021-04-29,147.43703049466214,23.558969774786355,1
2021-04-30,139.28889016621693,20.587601841720435,0
2021-05-01,145.41787648178592,20.366704834204096,0
2021-05-02,130.11461501385926,23.178041713908797,0
2021-05-03,166.1284325515231,26.680506721105992,0
2021-05-04,155.86570960839245,23.360871147410045,1
2021-05-05,150.22365879621822,23.95849822989346,0
2021-05-06,180.23957971434947,20.30695786348733,0
2021-05-07,161.00585110357736,26.148061513958858,0
2021-05-08,141.38471403945445,19.66203247676989,0
2021-05-09,168.33746248358284,21.483421685863792,0
2021-05-10,148.02337646734782,24.782192258566447,0
2021-05-11,126.16689300801455,16.667354208973094,0
2021-05-12,,23.198429285784798,0
2021-05-13,143.92397277721588,19.447950656930285,0
2021-05-14,138.08848178826884,22.501206416294742,0
2021-05-15,167.1495560407523,21.27957322393216,1
2021-05-16,173.05298293116306,28.53525558711337,0
2021-05-17,117.85102156751347,20.91826275879189,0
2021-05-18,149.02908099998962,27.503355358545548,0
2021-05-19,138.46313344827618,23.61196889349926,0
2021-05-20,148.55006605556446,19.320418533543066,0
2021-05-21,148.71388229751327,22.58892167213068,0
2021-05-22,139.0374639227964,20.55300110076541,0
2021-05-23,143.85162421917613,22.060530793840787,1
2021-05-24,125.04950673803197,19.058338991392972,0
2021-05-25,143.29830621629785,26.134663802520638,0
2021-05-26,146.099339113015,23.7026496497664,0
2021-05-27,150.876639509921,20.882370823260782,0
2021-05-28,142.56457926465004,25.83322869025155,0
2021-05-29,141.89889077527872,20.725909677535075,0
2021-05-30,152.98326571296175,23.651505951589076,0
2021-05-31,143.53215337313776,20.32750622615006,1
2021-06-01,123.05938616072379,21.246698161068192,0
2021-06-02,146.80137156469956,19.671651121405272,0
2021-06-03,164.16795655667224,20.051348899589588,1
2021-06-04,129.55166234097365,20.125107621069777,0
2021-06-05,,17.451018531941692,0
2021-06-06,130.08642322180876,18.102390169049475,1
2021-06-07,142.9310271454055,18.499439165595042,0
2021-06-08,124.60837737818377,19.681717346455727,1
2021-06-09,116.55423841385381,18.742545848606007,0
2021-06-10,126.78226930107493,22.19394449366119,0
2021-06-11,153.59509059456545,21.055678387872668,1
2021-06-12,151.10457852832215,17.763777356764052,0
2021-06-13,124.70969891081658,22.33555617547035,0
2021-06-14,142.1843874399699,23.645766779283264,0
2021-06-15,109.35336662162712,11.730830798555456,1
2021-06-16,140.84129409387646,20.493937709800115,1
2021-06-17,131.2219753837704,15.45207452823481,0
2021-06-18,141.2755555989635,19.76648187818203,0
2021-06-19,146.08715086173763,20.91146271412811,1
2021-06-20,123.52451073034062,14.397632133294358,0
2021-06-21,124.98295091884583,11.302889346104328,0
2021-06-22,147.5065543896922,19.196883268479066,0
2021-06-23,131.30601236511768,16.926998541844302,0
2021-06-24,,11.34523489669557,0
2021-06-25,132.21829396769672,23.768605088985844,0
2021-06-26,151.4270333950863,17.88218106874369,0
2021-06-27,156.15174381031645,17.847935655228138,1
2021-06-28,91.76852808467572,19.763553625586475,0
2021-06-29,118.5457596488154,13.75189623259308,0
2021-06-30,146.698321227467,15.713851859159073,0
2021-07-01,142.5394185083235,11.192549783476045,0
2021-07-02,152.80770777127483,13.154651644916699,0
2021-07-03,132.4947689400994,15.96346481322447,0
2021-07-04,133.9003020998679,9.638675899721445,0
2021-07-05,124.58065465250385,12.55381450186871,1
2021-07-06,146.08862603308066,11.507193497577722,0
2021-07-07,139.9320598217917,14.545794158614484,0
2021-07-08,148.7241602654132,15.672403800072551,0
2021-07-09,139.1396109068089,16.00385223647471,1
2021-07-10,132.32063465181392,16.603299354786145,0
2021-07-11,124.19690926949299,17.55306781294526,0
2021-07-12,130.92077654907655,15.088784087564497,0
2021-07-13,120.35037117240987,18.7598986849419,0
2021-07-14,138.56138146633083,13.287804678455638,0
2021-07-15,172.89661632933382,12.24135253261105,0
2021-07-16,156.49729503558066,14.415919428757864,1
2021-07-17,132.8649095580528,11.778157131911357,1
2021-07-18,146.8325989307743,17.8192394379196,0
2021-07-19,117.02124081807953,15.489460618522973,1
2021-07-20,94.241609107293,14.183168768583483,0
2021-07-21,117.25245426354778,12.16332427660059,0
2021-07-22,111.87405407482765,10.384322724002518,0
2021-07-23,136.34007229698608,13.549421361733948,0
2021-07-24,136.22658958428386,7.90389795188624,1
2021-07-25,,15.7291241391002,0
2021-07-26,126.26875995468329,10.435113022973027,0
2021-07-27,119.76416431825746,11.726526066024759,0
2021-07-28,143.06740846100516,7.926824896471513,0
2021-07-29,105.03751874006142,12.670294742689865,0
2021-07-30,143.43230230532927,8.987150170165979,0
2021-07-31,,12.144476925617404,0
2021-08-01,103.1646649133657,12.318807854606508,1
2021-08-02,136.86042601941486,7.955033782511286,1
2021-08-03,126.48664385187672,6.380155220698422,0
2021-08-04,122.77541860608524,14.20080813295952,1
2021-08-05,146.0951977517771,8.884173516348962,0
2021-08-06,172.37852266192598,9.993218360000244,0
2021-08-07,135.42274002040475,10.634347975615746,0
2021-08-08,127.53088401091031,5.277859338753306,0
2021-08-09,111.30075173232939,10.28972743340034,0
2021-08-10,107.17210487325664,9.063682502391147,0
2021-08-11,139.99445268325954,6.702129323064849,0
2021-08-12,122.32157142667464,5.031416164088248,0
2021-08-13,,10.18890661641843,0
2021-08-14,124.14030250503578,11.626573404855906,0
2021-08-15,129.62905352765534,8.653395715756124,0
2021-08-16,121.85978591889243,3.690451527071893,0
2021-08-17,134.1740041958207,4.700145723367336,0
2021-08-18,118.60827876346674,6.45617891640476,0
2021-08-19,129.8623097053075,12.32895977438668,0
2021-08-20,120.99789524332549,6.77957846337215,1
2021-08-21,123.44689030151781,6.001067082552812,0
2021-08-22,126.9399956847852,2.2755098109784786,0
2021-08-23,127.07630917322615,5.21737994687218,0
2021-08-24,103.6760214508508,3.382407226303333,1
2021-08-25,138.23164862361415,3.9678020620820265,0
2021-08-26,153.2059342800307,7.235692895607328,0
2021-08-27,140.87415413348816,5.573251607974371,1
2021-08-28,157.28929272026647,11.778564346182089,0
2021-08-29,108.73293343617675,9.819889867540853,0
2021-08-30,96.14457956270611,4.667516570790093,0
2021-08-31,89.95466512108294,3.6545205062230437,0
2021-09-01,146.78963960972612,10.466248892125412,0
2021-09-02,141.8831039611894,11.21436865514538,0
2021-09-03,133.07033056128938,-0.42999151331920693,0
2021-09-04,132.60394158635413,6.3524561625164555,0
2021-09-05,102.76043776006665,5.242019821736856,0
2021-09-06,150.83997537107683,7.871450559227174,0
2021-09-07,117.94971305700649,11.681215612897406,0
2021-09-08,125.40278078845166,4.332867965746662,1
2021-09-09,142.40427548027253,-0.4625018817371682,0
2021-09-10,140.6069737658003,7.393917622769594,1
2021-09-11,131.28827834456675,9.766852363428605,0
2021-09-12,107.34941580916204,4.628528959120592,0
2021-09-13,120.82790455589748,3.370343432247637,0
2021-09-14,143.882630245142,4.122140732201805,0
2021-09-15,143.62295913161677,7.935828882683517,0
2021-09-16,155.13454382060797,3.9759689606148534,0
2021-09-17,125.48196221119606,6.282630429910174,1
2021-09-18,112.88391489523404,5.339627486804427,0
2021-09-19,117.15750687063169,4.9928324546566,0
2021-09-20,114.46952960869235,7.288495188278231,0
2021-09-21,131.98308904021545,3.717429953912138,1
2021-09-22,98.01298535479987,3.832875253960863,0
2021-09-23,154.17879268860682,7.491831044912169,0
2021-09-24,130.81951170371659,2.1155639413473226,0
2021-09-25,121.4049735324649,2.4159333310025004,0
2021-09-26,103.98383512801614,1.2588474328928885,0
2021-09-27,88.97288967846768,7.572966836500064,0
2021-09-28,128.12094651633535,4.699318468741419,0
2021-09-29,124.74406521962972,1.0662339245141048,0
2021-09-30,112.17170430255956,7.563512105431786,0
2021-10-01,114.09032486401063,3.333425533011279,0
2021-10-02,123.13963686510449,2.385942525951579,1
2021-10-03,144.61031583526926,4.41782470240083,0
2021-10-04,110.35285678389631,9.447872546624989,0
2021-10-05,,3.8366121660790817,0
2021-10-06,120.49194026375248,6.760265184319892,0
2021-10-07,128.00543837935155,7.231187515905509,1
2021-10-08,93.67973621568305,6.398410591780523,0
2021-10-09,128.0198284960865,8.903387753786294,0
2021-10-10,116.81008107766371,2.9933393751697306,0
2021-10-11,125.43012553772475,2.012122667259579,1
2021-10-12,144.78154275853535,1.983584138840131,0
2021-10-13,141.89901481406994,4.7723438915825565,0
2021-10-14,128.92634360183914,2.400772470931729,1
2021-10-15,118.43934454100311,5.723586062120904,0
2021-10-16,168.3795354436932,5.553855487087145,0
2021-10-17,122.14781430121435,8.423400651329416,0
2021-10-18,116.22181033392657,6.288754538575871,0
2021-10-19,117.75140636167264,4.217343178916976,0
2021-10-20,129.07795896755562,6.7516448159743865,0
2021-10-21,131.94029736823518,2.48461915082832,1
2021-10-22,127.61801680658996,5.5196721038872285,0
2021-10-23,122.80144317054291,6.653962348403612,0
2021-10-24,122.03268211297032,6.148129196430949,0
2021-10-25,109.16496495288774,7.072523653609339,0
2021-10-26,108.76283984342095,3.9650566295936076,0
2021-10-27,129.08390792327344,9.425848859636327,0
2021-10-28,131.70006856066155,11.511493668752081,0
2021-10-29,160.23984330219653,1.3148404878184623,0
2021-10-30,92.73447074307202,2.5565839222659634,1
2021-10-31,140.428663115608,6.415738983936751,1
2021-11-01,137.576770679363,5.602527535747633,0
2021-11-02,89.9605840098937,12.149661322872266,0
2021-11-03,123.98947281226319,7.210547701870716,0
2021-11-04,131.63152323579766,10.822101256225727,0
2021-11-05,118.28140485386697,0.5928371362252172,0
2021-11-06,122.58125639209904,9.280904751225894,0
2021-11-07,109.18189270327854,4.792448498938726,0
2021-11-08,146.9886145274275,4.847359283237314,0
2021-11-09,136.94987710003448,6.402255852323667,0
2021-11-10,150.09016894485032,2.9812456832410925,0
2021-11-11,149.94864853992075,8.693311720384706,0
2021-11-12,124.41168420802367,8.049317919163139,0
2021-11-13,128.36659620238396,8.390193763702495,0
2021-11-14,135.19910950301522,10.369346345380798,0
2021-11-15,104.422213381278,12.371393422573602,1
2021-11-16,135.69039760930457,6.856830733847936,0
2021-11-17,129.5233549758394,9.503019208383392,0
2021-11-18,135.6428394509721,9.07498573449883,0
2021-11-19,154.18314298936954,9.455931855619825,1
2021-11-20,145.0988306240935,9.62992436275244,0
2021-11-21,124.67316813763853,13.354622055443388,0
2021-11-22,142.40141812100077,7.336960929065922,1
2021-11-23,111.06445670834078,4.273522876912594,1
2021-11-24,144.6793661413509,6.893668000417496,1
2021-11-25,152.50033483722083,11.397428084442394,1
2021-11-26,141.24022942374282,9.335692108744999,1
2021-11-27,145.71701910619356,8.004678730851577,0
2021-11-28,113.7359946693896,6.321413034244794,0
2021-11-29,141.31123614744024,10.35980376672794,0
2021-11-30,126.96997649481894,11.776074344510125,0
2021-12-01,130.0857437849421,10.908307971926458,0
2021-12-02,161.84777270131949,9.380319436009678,0
2021-12-03,137.84904976977776,10.731290965531823,0
2021-12-04,122.25023718929064,10.86634605570259,0
2021-12-05,111.72613398261231,11.166706240879703,0
2021-12-06,139.1339743309226,7.199801621782464,0
2021-12-07,113.14955795539765,11.501053393824867,0
2021-12-08,166.8798558236909,9.744853374440932,0
2021-12-09,117.53327471412011,14.347230979411169,0
2021-12-10,176.52821751206895,11.783980440392694,0
2021-12-11,149.22652346376424,14.052581204592645,0
2021-12-12,136.32526529735534,10.80274045365079,0
2021-12-13,124.58605750611959,11.073858308366088,0
2021-12-14,,16.51759468786352,0
2021-12-15,142.73870808318108,13.508565080503079,0
2021-12-16,168.07065934828003,10.22156317959561,1
2021-12-17,155.5666572334901,15.222357061526585,0
2021-12-18,151.09993526017507,11.098577002703953,0
2021-12-19,135.11752104497944,13.543324127225288,0
2021-12-20,134.71231114793275,18.54462353412886,0
2021-12-21,142.52088252764486,8.909703999982707,0
2021-12-22,120.47710431869777,12.845688517056466,0
2021-12-23,134.13358598190752,14.767813769852586,0
2021-12-24,167.84557760140237,16.007489566012975,0
2021-12-25,154.2592020672656,10.160469282057367,0
2021-12-26,140.66950208613608,9.4479068322878,0
2021-12-27,138.70658493228655,17.49891188640307,0
2021-12-28,145.98648903461978,12.237034295053538,1
2021-12-29,140.90676241291445,12.283224435470837,0
2021-12-30,145.5592353451291,19.392741294401084,0
2021-12-31,,15.123095885538323,0
2022-01-01,139.90376099494898,15.314725741701874,0
2022-01-02,152.43795569374214,14.71860938846081,0
2022-01-03,115.77730234774342,11.7579818403077,0
2022-01-04,159.09643460701426,17.628811982718123,1
2022-01-05,158.97810032875682,17.001687735345087,0
2022-01-06,163.95916446747208,16.450796338005418,1
2022-01-07,,15.766859878031232,0
2022-01-08,182.44211013955558,15.409646489966176,1
2022-01-09,164.4071542459679,19.194451321495723,0
2022-01-10,116.5764703503443,16.203086528025615,0
2022-01-11,127.33435300602486,16.60426572150147,0
2022-01-12,145.3804398596826,18.555079823100684,0
2022-01-13,163.36763210916519,17.757653078250428,1
2022-01-14,173.0760861324692,22.228336969633737,0
2022-01-15,149.4172099628173,12.184465921914931,0
2022-01-16,154.82834093331422,18.53461553828897,0
2022-01-17,135.68524142401276,15.683623143326912,0
2022-01-18,140.17211294458022,15.138899446640696,0
2022-01-19,136.4594537678891,16.7578075606665,0
2022-01-20,151.92350991711479,18.455953610645214,0
2022-01-21,147.82007912370904,18.751063688646234,1
2022-01-22,148.43713888130057,14.06285683782264,0
2022-01-23,170.59038170093217,17.15137334958464,0
2022-01-24,135.5202876024621,19.77702187458984,0
2022-01-25,,16.460134305668777,0
2022-01-26,167.67515748134252,15.902931811010639,0
2022-01-27,171.24494085414324,12.633987630294444,0
2022-01-28,,17.566602498843572,0
2022-01-29,176.247052726894,16.259745290508132,0
2022-01-30,148.80076887685647,16.907890921195317,1
2022-01-31,154.22277215581826,19.19384728352264,0
2022-02-01,193.0896230338917,18.35795785168259,0
2022-02-02,161.42748467366064,16.805340916885733,1
2022-02-03,188.28437216330568,14.101570464826606,1
2022-02-04,162.78393951422942,21.499457163106342,0
2022-02-05,167.7483562927723,22.99277805862193,0
2022-02-06,186.5061641510271,19.68413777918069,0
2022-02-07,145.47437612486232,20.215383604371986,1
2022-02-08,184.33818524893823,21.157700960534704,1
2022-02-09,175.92402199016198,26.02035919530296,0
2022-02-10,165.02330832085065,16.71376459677382,0
2022-02-11,185.2078447977093,20.304399453027795,0
2022-02-12,185.2261829417634,16.510992770968826,0
2022-02-13,171.6099684532317,22.890934266712794,0
2022-02-14,133.63760728229903,21.497157529462,0
2022-02-15,148.52938470723183,22.661012457697638,1
2022-02-16,,22.63232040378207,0
2022-02-17,174.57297806309188,25.263871482128465,0
2022-02-18,187.2322909303588,24.022781874564696,0
2022-02-19,175.4746639013964,25.01435085396749,0
2022-02-20,144.3942376242654,19.438440785890027,0
2022-02-21,165.00533927401887,26.324515992491072,0
2022-02-22,170.67594847775837,20.685581849972955,0
2022-02-23,178.01151287175904,20.963404380031758,1
2022-02-24,193.9191510822438,23.873528775345303,0
2022-02-25,192.4169352759503,24.067358487918998,0
2022-02-26,181.65023057747135,20.044220797716545,0
2022-02-27,165.29234868657554,22.835696629630448,0
2022-02-28,,27.9135112190111,0
2022-03-01,169.81469929229644,19.134566209843783,0
2022-03-02,174.54903654441446,28.08347724563191,0
2022-03-03,183.5655928053496,22.98841468588693,0
2022-03-04,162.5063631574069,16.783357589565828,0
2022-03-05,160.2608130840991,19.776935877157023,0
2022-03-06,183.82053656220927,21.06458056622945,1
2022-03-07,162.23843221312185,22.158457446443997,1
2022-03-08,175.19884737833533,23.788665547392007,0
2022-03-09,173.42765315092876,16.062231241913892,0
2022-03-10,181.47033151041495,24.800236775452387,1
2022-03-11,197.22653946416972,21.138969827408477,0
2022-03-12,170.19299183062532,28.537473546842985,0
2022-03-13,170.88407869121087,23.61426862724593,1
2022-03-14,157.2783971422535,27.309441312521855,0
2022-03-15,159.80113742151693,27.865248193241563,1
2022-03-16,169.66876122160383,27.834498116530888,1
2022-03-17,185.62043936769737,22.933099029341243,0
2022-03-18,177.1962419437807,22.93950929892356,1
2022-03-19,197.95571837515294,24.04411677561013,0
2022-03-20,157.16918709073485,26.666799681683454,0
2022-03-21,162.51559999559208,23.262165053255572,0
2022-03-22,160.78869629285649,24.469728472314138,0
2022-03-23,197.0368522286492,25.678654252607757,0
2022-03-24,186.22219320106984,22.17063683278983,0
2022-03-25,200.8000262618549,22.005502330249143,0
2022-03-26,157.74016820831753,24.456617658026722,0
2022-03-27,175.45743264666237,24.872588990302273,0
2022-03-28,179.48558973817623,26.267407848031787,0
2022-03-29,169.40034476358755,26.994160969285875,1
2022-03-30,192.0546926004963,21.691109820063737,1
2022-03-31,176.2136508767548,22.558884825137618,0
2022-04-01,207.12041391200643,22.08676637484846,1
2022-04-02,215.12357507300297,29.237290187036677,0
2022-04-03,166.58427437891945,24.63710181088781,0
2022-04-04,159.99238049605134,25.04130852298376,0
2022-04-05,190.45924290118322,25.158293719055315,0
2022-04-06,200.21705645837287,22.827055862176678,1
2022-04-07,176.53966941997183,29.65301824991442,0
2022-04-08,180.04561782556493,26.176486060986704,0
2022-04-09,176.74021034836997,25.042431675480564,0
2022-04-10,152.14567502197826,21.585208241635396,0
2022-04-11,153.13948003108172,21.38956759052357,0
2022-04-12,153.7995357368928,23.920107751677975,0
2022-04-13,165.16859462794343,22.715406411262983,0
2022-04-14,183.98338660126174,21.57869567143545,0
2022-04-15,189.9418434526147,23.63090720170073,0
2022-04-16,204.2639196982257,24.054366386290692,0
2022-04-17,157.33591555209046,25.086004476911018,0
2022-04-18,181.64239156672352,23.103028804587403,0
2022-04-19,165.5697680399245,21.543278967685016,0
2022-04-20,175.82137918522304,21.59578146935964,0
2022-04-21,194.46373032584688,28.09910988399865,0
2022-04-22,169.3857613598642,20.64776678329878,0
2022-04-23,186.5009205666897,25.432652372552003,1
2022-04-24,174.52697758559336,25.839045327068618,0
2022-04-25,173.9441241196111,23.85113454876294,0
2022-04-26,172.7579978325628,29.450275934802654,1
2022-04-27,212.99502045070574,25.58106684003574,0
2022-04-28,,29.531054399486916,0
2022-04-29,177.78724314709527,21.972924703654037,0
2022-04-30,170.90540114236205,21.945410553002368,0
2022-05-01,163.14819468090764,25.348370289345112,0
2022-05-02,156.4094321818801,22.897280002909564,1
2022-05-03,185.63164261328978,28.652022243231468,0
2022-05-04,196.81237763633692,24.530932766671697,0
2022-05-05,174.64700475521747,20.280397591011436,1
2022-05-06,172.53392053522026,18.10946978619988,1
2022-05-07,186.55521242434327,22.988539998162306,0
2022-05-08,162.39325852201824,22.856789756269194,0
2022-05-09,174.62563147316965,23.963956215074745,1
2022-05-10,169.96720750057864,26.550855432991888,0
2022-05-11,151.8615723803622,26.049905594779286,0
2022-05-12,205.48006031502882,20.967332692983884,1
2022-05-13,210.98348555745213,18.71176794363933,0
2022-05-14,169.28542832635335,18.77780614530403,0
2022-05-15,163.8220134504411,20.154494333131428,0
2022-05-16,168.34867014345215,21.14725531150603,0
2022-05-17,170.8378103191775,23.04304224200398,0
2022-05-18,183.3425237793705,19.603249656691112,0
2022-05-19,211.25668252422568,22.72355174976222,0
2022-05-20,180.1972370447554,22.842683057305894,0
2022-05-21,165.27941302458132,22.058781675241054,0
2022-05-22,147.69535334866475,18.113106890360488,0
2022-05-23,151.81584799464216,22.770758759529848,0
2022-05-24,164.01518849298813,27.477505992372944,0
2022-05-25,199.0464167561998,21.835961457798057,0
2022-05-26,171.97622588224178,12.101814969598234,0
2022-05-27,184.8186827437357,24.544684314465194,0
2022-05-28,175.59213642772818,18.573084758038522,1
2022-05-29,184.7703999257291,27.33606745305089,0
2022-05-30,199.2184631023741,20.74398197077199,0
2022-05-31,155.05963416805835,15.195155334602124,1
2022-06-01,,13.907977406846843,0
2022-06-02,193.86692514016136,24.572594840353304,0
2022-06-03,190.132015562288,23.120924403049703,0
2022-06-04,201.9591356160184,26.329681648619115,0
2022-06-05,174.10234498889898,19.53143750338849,1
2022-06-06,154.30350792380725,19.17478222480959,0
2022-06-07,170.24101371131857,18.040637757221763,0
2022-06-08,185.58491838938934,17.0571061370932,0
2022-06-09,188.8323845746753,17.69667779784944,0
2022-06-10,185.8154062338474,19.367199689544982,0
2022-06-11,188.54395544991053,16.02285129123304,0
2022-06-12,181.1514715506595,13.38537772113095,0
2022-06-13,178.67784996712055,18.71056365756602,0
2022-06-14,169.34903468020815,15.469078867934757,1
2022-06-15,164.67007141071082,8.185176626062468,1
2022-06-16,176.9342857823744,19.396156920376587,0
2022-06-17,194.49898162073382,14.248432228759786,0
2022-06-18,158.4721501147652,19.39137102539447,0
2022-06-19,167.3124658676315,19.152228324185263,0
2022-06-20,150.20437323107168,17.921472919906932,1
2022-06-21,158.1978974606328,24.392562532810842,0
2022-06-22,184.49199755457357,16.3187967235686,0
2022-06-23,175.7291745177001,15.706364024276095,1
2022-06-24,175.21842987312044,18.44416784379909,0
2022-06-25,148.44100215033444,16.056264090313274,1
2022-06-26,171.08165374031333,19.533180597105535,1
2022-06-27,163.8857295737091,12.07406485552001,0
2022-06-28,188.30878924272304,11.952481280216087,0
2022-06-29,158.78672732118716,17.83474533507571,1
2022-06-30,,11.871037280865398,1
2022-07-01,176.34281817850368,17.020811007511398,0
2022-07-02,190.57788918942524,16.131511551858836,1
2022-07-03,156.5334382994168,12.766019617101687,0
2022-07-04,156.4622975956632,15.77902095780727,0
2022-07-05,163.05112266619955,10.801854571514724,1
2022-07-06,164.27515528962712,11.334199853308583,0
2022-07-07,162.32325186548402,13.450801249911128,1
2022-07-08,,14.227860625242656,0
2022-07-09,181.09718912401414,12.909172816439042,0
2022-07-10,140.64452258167364,14.948796733215884,0
2022-07-11,152.35436873310493,14.644608150751417,0
2022-07-12,141.51788902576044,17.897519421212973,0
2022-07-13,,12.854273315413371,0
2022-07-14,144.26945580283305,16.555080376726384,0
2022-07-15,160.39661116261354,15.565427646492871,0
2022-07-16,168.76169057365166,19.517694035667322,0
2022-07-17,177.6436126424977,12.08719882006388,1
2022-07-18,147.5004690391859,11.041856381039766,0
2022-07-19,141.8277030452638,15.910772983409416,0
2022-07-20,185.93106951216606,13.129592806666885,0
2022-07-21,143.55331379056338,15.654773167237172,0
2022-07-22,133.96577931187798,13.797636369128323,0
2022-07-23,,5.165390294867791,0
2022-07-24,144.82175134957754,12.454118438909488,0
2022-07-25,131.3732518480841,12.099364786738068,0
2022-07-26,158.99994548449314,11.40673641134308,1
2022-07-27,159.60417761892614,10.453566622576306,0
2022-07-28,155.0610115171428,5.917973246798285,0
2022-07-29,146.00784672677673,13.16231672230812,0
2022-07-30,172.65072803008715,11.507793244374728,0
2022-07-31,160.4038385474739,13.540425254224491,0
2022-08-01,143.5201890889142,5.4677659629406214,0
2022-08-02,,11.456368091999359,0
2022-08-03,138.24954697520175,9.083417523777538,0
2022-08-04,139.01269569474326,10.072732972771,0
2022-08-05,153.22752788165673,8.827449152170809,0
2022-08-06,157.29478522307284,10.984939396397435,0
2022-08-07,152.7372021111137,8.724354518249273,0
2022-08-08,139.84776240626937,5.917799847456728,0
2022-08-09,150.47124061943816,9.195145353875816,0
2022-08-10,134.03236418181172,8.157464434900746,0
2022-08-11,182.08063984528468,8.41576081499627,0
2022-08-12,160.9270165197968,-1.029664767899268,0
2022-08-13,173.31625597640505,10.45141935435473,0
2022-08-14,152.83190396782115,7.331213702227427,0
2022-08-15,148.94774033106978,4.104427257996075,0
2022-08-16,152.3938302551756,10.792289310648897,0
2022-08-17,158.2053072543247,9.811470856867189,0
2022-08-18,168.777078658091,6.800288300107535,0
2022-08-19,,4.207751814371968,1
2022-08-20,158.27394945646688,8.082533984470722,0
2022-08-21,157.12478037003015,7.804146897657203,0
2022-08-22,139.57899105069185,10.096457012247669,1
2022-08-23,164.30803641015504,5.883144751485655,1
2022-08-24,140.23360368589948,10.692318732167431,0
2022-08-25,185.07147575331362,5.382329851314024,0
2022-08-26,159.2502633446348,2.863496456106766,0
2022-08-27,132.8496566430452,3.4044431185389468,0
2022-08-28,147.4291191768528,6.516782472584427,0
2022-08-29,129.76019075077562,6.412654182648121,0
2022-08-30,154.40040348200412,7.500444725302422,0
2022-08-31,139.70854631389582,6.155913100141534,1
2022-09-01,,9.271701510348612,1
2022-09-02,130.697028954072,5.4717371439265285,0
2022-09-03,146.7493190647609,0.1840519022997622,0
2022-09-04,108.40748901082928,5.730063975732871,0
2022-09-05,115.51140590611888,-0.0038730581195789426,1
2022-09-06,152.52716022274686,6.756403285350552,0
2022-09-07,160.65164608959924,9.042257016257011,0
2022-09-08,162.99561349236754,2.843153750650249,0
2022-09-09,143.9763075214957,9.991368346181986,0
2022-09-10,152.29655581321447,8.20080455462551,0
2022-09-11,144.22775193078,9.231124033415496,0
2022-09-12,121.44867290050425,6.122526037080301,0
2022-09-13,163.2644675586451,2.5204851134821755,0
2022-09-14,161.65625083939716,7.788984660809627,0
2022-09-15,152.96933136793032,3.5233204166863157,0
2022-09-16,158.59339181888285,5.704203060684729,1
2022-09-17,155.886461439257,4.792778396982268,1
2022-09-18,113.44381505713855,8.64006914334638,1
2022-09-19,134.94429006617722,7.418993240946117,1
2022-09-20,130.35148920908176,4.951237166858773,0
2022-09-21,133.3794095701169,-0.694062611761141,0
2022-09-22,152.01548529418173,3.225812566054434,0
2022-09-23,185.1440575304198,7.21781808028665,1
2022-09-24,162.40262254900526,5.922066286113737,0
2022-09-25,135.57215168194185,0.5515889649101906,0
2022-09-26,147.35155026864425,-0.3760488494699601,1
2022-09-27,161.72341059427518,5.615649043089626,0
2022-09-28,162.46610640057693,1.846307157487229,0
2022-09-29,157.36048679442297,2.1264003348067746,0
2022-09-30,148.74997226096156,7.020880520218173,0
2022-10-01,,8.606999547838193,0
2022-10-02,150.39999614128976,2.7483620752823743,0
2022-10-03,152.5899530247208,4.86933120570437,0
2022-10-04,150.70129332565074,4.78697419473501,1
2022-10-05,164.8219317064685,4.526160229044372,0
2022-10-06,148.9609446911007,5.1525799278356414,0
2022-10-07,178.7797653118251,7.315243290375928,0
2022-10-08,156.6767150802313,3.041881097912552,0
2022-10-09,176.27414837925,0.5086694903999849,0
2022-10-10,129.51303366097474,10.178314005961735,0
2022-10-11,167.9431838857165,8.40325920766897,0
2022-10-12,152.81845345195117,1.8537082636545081,0
2022-10-13,148.0304074008123,5.604056793556943,0
2022-10-14,152.61372680737264,8.264706968655279,0
2022-10-15,149.8015161919748,7.518062346804767,0
2022-10-16,152.4424514322844,6.698179469531016,0
2022-10-17,148.66869761740952,4.845534685257314,0
2022-10-18,134.3139818282568,10.58505670653635,1
2022-10-19,150.540509849048,6.115490983860144,0
2022-10-20,191.0318812302429,3.9606311598877864,0
2022-10-21,186.92123913844867,8.174140268411701,0
2022-10-22,162.32739269550018,5.907286329433601,0
2022-10-23,147.8653547469658,6.7294768632002375,0
2022-10-24,143.88128627734253,6.353262477254695,0
2022-10-25,153.41598390562459,7.300611838920451,0
2022-10-26,136.89651307129816,2.944105987042727,0
2022-10-27,156.40833854284625,1.5980441255083955,0
2022-10-28,137.38881529777578,10.328327633679184,0
2022-10-29,163.21841816268278,6.851904898156455,0
2022-10-30,158.48853772648525,8.495547514517884,0
2022-10-31,136.35578023644192,0.9861915817328786,1
2022-11-01,169.38293256440508,9.550566816559158,0
2022-11-02,135.44866968374657,4.8736683235296345,0
2022-11-03,139.93662213232983,4.109612124834096,0
2022-11-04,167.453776637433,6.430795410232234,0
2022-11-05,174.64178090615945,3.7821020754512813,0
2022-11-06,175.78019840755866,6.808426762591732,0
2022-11-07,138.49607377507502,6.504608447413424,0
2022-11-08,163.76379670759223,10.197205724253875,0
2022-11-09,155.1022793566102,11.660808623787188,1
2022-11-10,161.19148227182134,11.672411194117368,0
2022-11-11,179.2540254777819,0.5437074757667455,0
2022-11-12,,4.64340805308018,1
2022-11-13,128.8532073426096,0.7381388692454873,1
2022-11-14,169.53742917427147,4.098263742891445,0
2022-11-15,170.3266673675191,5.848593773035793,0
2022-11-16,148.36944306646964,9.149222530648323,1
2022-11-17,,6.48022307525498,0
2022-11-18,175.54366132007277,6.6883572288868125,0
2022-11-19,166.9545011881643,8.836428868797714,0
2022-11-20,146.4377410386743,3.2917585221829,0
2022-11-21,139.53701896523904,6.034407857870937,0
2022-11-22,151.49233279185395,7.171925901607134,0
2022-11-23,177.6219428886667,8.209667697008129,0
2022-11-24,176.344033034864,9.183843203981814,0
2022-11-25,164.90606714356608,13.592827583047566,0
2022-11-26,176.97810537412238,11.955532281840108,1
2022-11-27,114.34800950443687,7.063946590699375,1
2022-11-28,169.25172237515363,8.730907803641967,0
2022-11-29,128.2132705330093,8.671219019362905,0
2022-11-30,,8.26330065880992,0
2022-12-01,153.87550597637699,10.771064523281181,0
2022-12-02,153.5482940536638,4.523430559848304,0
2022-12-03,185.34037210483632,12.895613725100093,0
2022-12-04,152.60748247630406,15.486228849971614,1
2022-12-05,159.78554110314997,9.749520336392349,0
2022-12-06,156.1931909048543,9.845728314569248,0
2022-12-07,172.2515159330828,11.341002312213206,0
2022-12-08,174.44958017141667,14.08529765417372,0
2022-12-09,156.3687174624655,10.212704358820345,0
2022-12-10,185.53480360223287,14.146995540172098,0
2022-12-11,154.89658304851838,12.971300117765734,0
2022-12-12,,18.75234047619113,1
2022-12-13,153.187445701491,10.844196281007799,0
2022-12-14,190.3346063155894,6.065795165696899,1
2022-12-15,188.79235109582802,7.859482913145766,0
2022-12-16,173.13938973785116,12.359429658412772,0
2022-12-17,168.12063090429263,15.573427875803443,0
2022-12-18,160.25954799222396,10.69913363401978,0
2022-12-19,191.22849072040978,12.131436598891199,0
2022-12-20,168.14219367312145,15.046978897926465,0
2022-12-21,177.0882161799897,10.26556368685134,0
2022-12-22,194.31736108969187,11.496808207764957,0
2022-12-23,184.7841019390878,9.997285255844744,0
2022-12-24,172.315269085948,17.205442247086765,0
2022-12-25,164.98784389305027,18.466462397694315,0
2022-12-26,,9.274227823063063,0
2022-12-27,164.7169667168683,13.757237349003406,0
2022-12-28,184.41967656035314,18.577133354121216,1
2022-12-29,182.5147363549973,15.723195323155363,0
2022-12-30,195.06839323232185,13.231285352480121,0
2022-12-31,177.87005949055893,10.23249904167307,0
2023-01-01,171.99519546831021,18.50183958249843,0
2023-01-02,135.84472436638632,16.29655937224162,0
2023-01-03,181.90599555144192,10.967998738540011,1
2023-01-04,181.58887487931733,19.12846073067871,1
2023-01-05,199.5918359902206,10.929241196836847,0
2023-01-06,143.52020743842948,15.240441580201216,0
2023-01-07,213.29007265080898,15.279237206447212,0
2023-01-08,171.60315348877225,21.099089034941496,0
2023-01-09,,15.631302101238955,0
2023-01-10,155.43706327450226,15.79058969070617,0
2023-01-11,188.4532851095572,12.664890903349685,0
2023-01-12,,15.00202201521513,1
2023-01-13,180.46662578321258,14.639848673821643,0
2023-01-14,213.52748397372767,14.963968984466092,0
2023-01-15,173.68206074930032,17.445722020501574,1
2023-01-16,174.79486970634477,10.290853502226279,0
2023-01-17,186.91534359735343,13.228438713778893,1
2023-01-18,189.51622457093805,17.5910031486893,0
2023-01-19,192.5522178901731,18.45188886197434,0
2023-01-20,198.09610923250833,17.55097763406739,1
2023-01-21,223.65535761903408,18.291081673095476,0
2023-01-22,178.45301827968675,17.347294314682834,0
2023-01-23,177.312079792921,18.67925156444171,0
2023-01-24,192.37289956277624,20.196208076238655,0
2023-01-25,201.3985082099077,20.333046410270512,0
2023-01-26,210.82121149780758,17.141434851581085,1
2023-01-27,204.90700680284098,22.109013859794764,1
2023-01-28,,19.989183981838806,1
2023-01-29,206.49023546075307,23.36729111779359,0
2023-01-30,159.75445146137642,24.12067577276477,0
2023-01-31,183.78858639407667,15.64386062034964,0
2023-02-01,176.1187466378561,17.5434691665085,1
2023-02-02,194.65160865459862,22.708191648017184,0
2023-02-03,202.83545144173053,15.418307260649337,0
2023-02-04,197.6700953464237,24.817350612840592,0
2023-02-05,190.85374849926723,19.667363991689623,0
2023-02-06,203.669666486558,22.564614103904056,0
2023-02-07,188.54402225323557,20.6291194260072,1
2023-02-08,186.23948086333388,16.938130174639983,1
2023-02-09,212.52034134861086,24.41713029250027,0
2023-02-10,218.16724481726342,29.636013683358637,0
2023-02-11,176.83203972302448,19.97027878600094,1
2023-02-12,195.85703844648242,20.677759002692824,0
2023-02-13,192.32680940680146,13.825100752108295,0
2023-02-14,179.59634449905377,25.952468757024246,0
2023-02-15,212.82924611927402,24.75677546257299,0
2023-02-16,198.07250144676533,16.942769586526275,0
2023-02-17,,16.067592759900876,0
2023-02-18,,16.53173425353559,0
2023-02-19,189.30835259383707,24.429930744640398,0
2023-02-20,167.51414708681355,24.842175172406343,1
2023-02-21,,19.947725532361474,1
2023-02-22,218.19965297003031,24.32375011182621,1
2023-02-23,189.67631841579438,23.408528202425295,0
2023-02-24,189.71647013832344,21.93366736477644,0
2023-02-25,167.14695873438805,26.0472687845119,0
2023-02-26,181.45179068163534,19.620665545871887,1
2023-02-27,166.04063548857906,26.774447026673467,0
2023-02-28,212.704450267509,21.24015623782298,0
2023-03-01,211.29108359617456,28.86172915337032,0
2023-03-02,193.8861357637979,20.59007889205678,0
2023-03-03,240.16704787359814,22.637611928774398,0
2023-03-04,215.93256252299716,23.951848579525446,1
2023-03-05,187.88675186770251,24.014204827303086,1
2023-03-06,150.08327034607885,25.40827570009423,0
2023-03-07,224.0897456465086,20.15463971382153,1
2023-03-08,176.91528816588726,23.972979810985176,0
2023-03-09,181.10578532645332,24.56985384898362,0
2023-03-10,223.2604453518042,22.640076504206156,0
2023-03-11,239.3064326393264,25.50057015493632,0
2023-03-12,214.98976627214424,20.311639103052233,0
2023-03-13,197.46153722318488,23.43097468029914,1
2023-03-14,,22.20758680825286,0
2023-03-15,211.9120076057521,23.550847748034045,0
2023-03-16,218.48387883931787,28.913430812996722,0
2023-03-17,213.41398138337664,29.02004290345365,1
2023-03-18,205.50818676119601,28.477429485744626,0
2023-03-19,194.48237965338484,23.322052264571276,0
2023-03-20,178.84940116603974,27.471449938774743,0
2023-03-21,188.02197376871555,25.122567726579437,0
2023-03-22,174.79253679628175,24.95624101237549,0
2023-03-23,206.66077221535338,24.618472675357506,0
2023-03-24,195.36279721410475,30.153980168487806,0
2023-03-25,188.3463686911792,29.001489017021946,0
2023-03-26,199.03407080303504,27.16097831468639,1
2023-03-27,211.9125012716674,24.434764673174456,0
2023-03-28,206.83954436899023,25.08078527178698,0
2023-03-29,,26.567290291401818,1
2023-03-30,194.04203522876335,23.421299285277666,0
2023-03-31,225.01264352036543,27.80865365643348,1
2023-04-01,190.8310625958328,22.23459436337233,0
2023-04-02,193.59302366237586,26.175525284239143,0
2023-04-03,199.86876454448577,18.129552934240703,0
2023-04-04,179.0837668585885,23.342590591113467,1
2023-04-05,203.06195238886556,31.220266639562304,0
2023-04-06,189.33741272086257,28.0856434102769,0
2023-04-07,202.3005005553631,29.570355587990804,1
2023-04-08,210.74366128262466,22.945960054030124,0
2023-04-09,173.40482279437308,25.240190645758272,0
2023-04-10,198.52100321931204,28.752899860898523,0
2023-04-11,193.56901131048033,26.781327254057555,0
2023-04-12,209.9821257719588,26.379935174994486,0
2023-04-13,212.8788545731361,29.715262519459426,0
2023-04-14,231.91445071747765,21.668523840567538,0
2023-04-15,207.91571351434905,24.200649762431333,0
2023-04-16,190.9082591582251,19.451696158829442,1
2023-04-17,193.7572851429083,21.38634914217051,1
2023-04-18,201.98145537916088,27.849075923698408,0
2023-04-19,202.3557015880957,21.8264757557003,1
2023-04-20,210.0168226124174,26.734265684543814,0
2023-04-21,200.77022931562178,29.449498018343085,0
2023-04-22,195.90173518661248,23.883774816018803,0
2023-04-23,176.078507505926,25.917939292749377,0
2023-04-24,217.89526984343348,26.52627570831145,0
2023-04-25,174.86360643251126,20.56709354044735,1
2023-04-26,190.87980024639944,22.31472933104032,0
2023-04-27,198.2436688785744,21.08289856863253,1
2023-04-28,224.29731058541034,22.41081768405276,0
2023-04-29,200.95612188783076,26.093754464007795,0
2023-04-30,215.33089304278215,22.08162043800307,0
2023-05-01,181.00878263062054,23.680915260814558,0
2023-05-02,197.12864043760922,20.57555437189197,0
2023-05-03,188.12830806340617,27.29619465762964,0
2023-05-04,240.54543686160088,21.89303724702459,0
2023-05-05,192.37151185257733,28.006224246022573,0
2023-05-06,209.30368750134136,23.52648851677761,0
2023-05-07,,19.02665211084439,0
2023-05-08,196.5231503109472,22.636079602023923,1
2023-05-09,189.33450147267652,19.859926888684953,0
2023-05-10,197.84674567637032,24.713021423800463,0
2023-05-11,208.1267659777503,22.05524981984861,1
2023-05-12,,23.221014020788083,0
2023-05-13,,21.51308117375181,0
2023-05-14,228.01437489245492,20.842615622399517,1
2023-05-15,180.92276471744873,19.47305660711238,0
2023-05-16,170.50373848931332,24.78568356772881,0
2023-05-17,197.3752379042208,21.638494187427558,0
2023-05-18,245.03955783359615,21.092701393694995,1
2023-05-19,196.0417332716659,21.31887066676761,1
2023-05-20,227.09104022845207,19.751619449405037,0
2023-05-21,218.80598618376655,20.726834278281693,0
2023-05-22,179.736127096361,22.148490667349776,0
2023-05-23,198.31171407513156,18.297970084873214,0
2023-05-24,221.82349697572528,18.599210985845673,0
2023-05-25,199.3275020851782,25.267150543865537,0
2023-05-26,203.68660355067584,19.907245316797827,1
2023-05-27,192.3960316287784,19.202274971301474,1
2023-05-28,177.01013137585625,16.685051896349243,0
2023-05-29,176.86640590290253,23.12671728675062,0
2023-05-30,169.95865857029324,17.263274956301817,0
2023-05-31,196.4253443444319,20.239935300674908,0
2023-06-01,191.95769528909642,15.014454805143341,0
2023-06-02,208.7168919072447,22.445204427977668,1
2023-06-03,176.23011833638083,23.371453947245488,0
2023-06-04,195.62010826835936,21.143212946510374,0
2023-06-05,197.51264852979216,14.933590466097549,0
2023-06-06,156.79520965453136,21.899353661852903,0
2023-06-07,199.88837951558634,16.745759580905727,0
2023-06-08,220.26635037776862,15.55837921737768,0
2023-06-09,185.39072468225993,17.763195228337324,0
2023-06-10,222.96422802776846,17.544600766836744,1
2023-06-11,195.23177442204164,17.079572177343362,0
2023-06-12,172.70726408337717,22.254691483677984,0
2023-06-13,184.12123226522493,24.307081260548845,0
2023-06-14,200.8934129157094,14.001160070386646,0
2023-06-15,201.21749114530078,15.878119034894228,0
2023-06-16,209.82855796087313,18.20803640212268,0
2023-06-17,182.26387078027784,16.447994512299882,0
2023-06-18,189.67236345306355,18.645919256808135,0
2023-06-19,160.2499944654758,20.0285337800526,0
2023-06-20,181.45113813385606,19.36085538263192,0
2023-06-21,177.1108316967893,18.77351290402614,1
2023-06-22,187.1852637380672,21.75257805462953,0
2023-06-23,218.41997586105305,11.838903597201615,0
2023-06-24,210.5662390381902,20.876050609981988,0
2023-06-25,194.38358527975328,15.026303266117615,0
2023-06-26,163.17823245230423,18.449833348516037,1
2023-06-27,176.4739659257232,12.834314652115609,0
2023-06-28,206.9605310005851,13.026406588467767,1
2023-06-29,198.43334703914155,17.56660756773389,1
2023-06-30,232.75337032638242,9.622253847183421,0
2023-07-01,198.17738095165484,18.204837507317272,0
2023-07-02,186.20516321548132,18.84439914900582,0
2023-07-03,173.0016874859012,15.425841483851654,1
2023-07-04,181.29702565896184,15.145780124333587,0
2023-07-05,184.54985812620885,12.04768138753493,0
2023-07-06,205.0017965660055,16.400164413667746,0
2023-07-07,210.38698020403152,15.248222739986081,0
2023-07-08,178.56194692538398,11.269356793116504,0
2023-07-09,161.43197664387577,12.688365003875958,0
2023-07-10,148.17397854531907,13.214066967344985,0
2023-07-11,184.99569734110366,12.343322075737145,1
2023-07-12,168.37232205643875,9.263087293378128,0
2023-07-13,160.17743141144143,15.27946304983795,0
2023-07-14,199.9611637157408,12.282989203492615,0
2023-07-15,225.84894138597926,12.891321177212623,0
2023-07-16,179.4183911404763,10.942770997717037,0
2023-07-17,186.41093015949764,13.93641633637831,0
2023-07-18,176.72800198375288,12.940458275103648,0
2023-07-19,181.57313208547959,15.81727654057208,0
2023-07-20,204.40020900989268,13.456107965179763,0
2023-07-21,187.93194498276551,11.242530587199148,0
2023-07-22,190.62940713526154,9.468637269475476,0
2023-07-23,182.51117601780547,14.12382983990717,0
2023-07-24,162.0008277142891,10.517455578811598,0
2023-07-25,188.58285258497182,10.690318862965881,0
2023-07-26,,10.530967293472834,0
2023-07-27,177.5076376810116,9.68463932115829,0
2023-07-28,198.578513604727,10.269642185411167,1
2023-07-29,171.40201626880443,16.356941168527023,1
2023-07-30,176.38530724239536,7.281220076874414,0
2023-07-31,170.17929968799888,7.828895274852415,0
2023-08-01,188.30221684983817,14.274501800039639,1
2023-08-02,186.7221933441869,8.847679648721774,0
2023-08-03,186.81722763569982,8.472281045243445,0
2023-08-04,201.165751380819,12.782320181845918,1
2023-08-05,204.12073886769403,5.272300419468838,0
2023-08-06,182.73915152885084,11.854027025476558,0
2023-08-07,168.90221096159263,9.384949680844835,0
2023-08-08,150.78911309610544,10.502645520173,0
2023-08-09,162.10052401385025,10.308214195061659,0
2023-08-10,181.1129994495023,6.949840109595687,0
2023-08-11,178.2791268724814,11.852830430606033,0
2023-08-12,179.01000319172928,6.916221661520868,0
2023-08-13,,9.662441295016881,0
2023-08-14,175.28975645750245,12.020269561174846,0
2023-08-15,168.03270572810382,12.316983608634775,0
2023-08-16,184.02492097137784,7.254099971089169,0
2023-08-17,185.33583144212898,9.322140266946874,0
2023-08-18,156.49486773827607,6.733614856504904,1
2023-08-19,166.4578343537444,15.204943712621418,0
2023-08-20,169.54464209016578,9.91756894675164,0
2023-08-21,147.99025055729575,7.715198663581663,0
2023-08-22,,8.288772616032013,0
2023-08-23,198.53997743997468,8.462728518268378,0
2023-08-24,201.5321948400502,8.444264961484444,0
2023-08-25,181.83848091445017,6.308989419188397,0
2023-08-26,201.85368442089052,5.743310659270986,0
2023-08-27,172.9130178440577,6.370430096571347,1
2023-08-28,,3.309031512395891,1
2023-08-29,157.75283625658432,8.787494080578462,0
2023-08-30,170.1177194065966,4.134595991135758,0
2023-08-31,176.53800799120603,3.2694046771489274,0
2023-09-01,186.7405092488988,6.31826561247019,0
2023-09-02,181.08018788863376,5.885591542880741,0
2023-09-03,,6.942074863065498,0
2023-09-04,170.94858068696976,4.408373413517878,1
2023-09-05,184.09855550116666,4.8578097424015185,0
2023-09-06,188.2191826937193,8.036896586041454,0
2023-09-07,159.44476026251087,7.7819652481589685,0
2023-09-08,145.26981395451824,7.587360655685666,0
2023-09-09,192.11785854579654,5.853877093769353,0
2023-09-10,148.86254852763858,6.194667505874881,0
2023-09-11,160.52966135447653,6.317897278487735,1
2023-09-12,148.2318138899549,3.5999101210071993,0
2023-09-13,146.52910228284256,9.934420936038833,0
2023-09-14,189.4616644726221,9.454098596884712,1
2023-09-15,194.62626160238833,7.791947872661778,0
2023-09-16,,4.084341009427903,0
2023-09-17,130.23873240239936,6.93492485268373,0
2023-09-18,155.48561536072225,8.211034252089352,0
2023-09-19,171.47841851407097,1.567643183967252,0
2023-09-20,151.2328896966091,10.284967584136828,0
2023-09-21,183.98796592774576,-0.04963257068888005,1
2023-09-22,182.9473913488981,7.2523549757112775,0
2023-09-23,186.47031383897166,9.471309854551523,0
2023-09-24,170.91716843233897,4.748124140131654,0
2023-09-25,149.14305005200228,4.614706252271845,0
2023-09-26,183.65056317905857,7.050806350203478,0
2023-09-27,171.18019409309798,10.588139177587689,0
2023-09-28,181.01061572133628,4.176909663019918,0
2023-09-29,169.4017664443249,2.667819285553591,0
2023-09-30,171.39666004933125,3.7328867776970656,1
2023-10-01,,0.34315736517928297,0
2023-10-02,161.49243540467236,7.6934181896382805,0
2023-10-03,191.76651949264385,3.460299604932687,1
2023-10-04,153.40990847439713,4.382893977123581,0
2023-10-05,157.68845161759626,7.745094329585598,0
2023-10-06,205.9814326537713,3.896773815997003,1
2023-10-07,175.46052375547936,7.31900085106459,0
2023-10-08,159.98944957734702,1.9446358415287213,0
2023-10-09,180.3223892264384,7.955173057054304,0
2023-10-10,157.68514166376016,6.127779034125693,0
2023-10-11,202.0982847519029,4.862305034630908,0
2023-10-12,192.82163394999435,5.549622018841057,0
2023-10-13,177.39715650008938,1.3284698183246677,0
2023-10-14,211.80293314710048,5.547471387024268,0
2023-10-15,161.82362144273336,4.836068284780268,0
2023-10-16,176.77980806692088,1.5232701990143638,0
2023-10-17,172.223944263761,3.3317020611370034,1
2023-10-18,195.2399176791453,5.0034099705674615,0
2023-10-19,207.12139589870162,3.6183300067157047,1
2023-10-20,186.28202705923806,-1.7442454397770852,0
2023-10-21,169.2681546990905,8.775962149695268,0
2023-10-22,178.97482448590551,5.178030515200377,0
2023-10-23,156.68812511228123,-1.1572695388888494,0
2023-10-24,199.18020871728356,12.132513356858636,0
2023-10-25,179.04581253414608,9.517588825837132,0
2023-10-26,179.54179061685997,4.814977350328389,0
2023-10-27,189.9337074733154,3.4056468049218993,0
2023-10-28,161.7624575733347,7.216611716751303,0
2023-10-29,158.93907964207716,6.69057849668353,0
2023-10-30,186.33594720764276,7.789066300781128,0
2023-10-31,160.6394089417956,3.72574925164856,0
2023-11-01,162.84477517304862,9.622330540102796,0
2023-11-02,194.65897975634064,4.995598397554437,0
2023-11-03,206.5732291124077,8.547792451151903,0
2023-11-04,194.41406606995443,4.206701522550453,1
2023-11-05,190.15032112131422,14.636461789139213,0
2023-11-06,,8.875568868766894,0
2023-11-07,150.9326901956332,15.541094408935313,0
2023-11-08,202.870261173465,9.473002619195237,1
2023-11-09,183.60520546819907,5.409972960278452,0
2023-11-10,186.89538274172685,9.689017156600405,1
2023-11-11,205.45647479948553,10.011424861990468,0
2023-11-12,185.49001581632712,8.540756158519802,0
2023-11-13,178.8696039358808,9.425296270772032,1
2023-11-14,206.73686878398536,9.934844646893616,0
2023-11-15,172.73130710391584,4.786339713265372,0
2023-11-16,204.42820992560016,4.692667266071982,0
2023-11-17,193.60919135382613,5.6265559985011375,1
2023-11-18,191.6889964877705,8.515867379659959,0
2023-11-19,202.23008744315248,7.5897918690335695,0
2023-11-20,181.8347685451311,5.460653552574767,0
2023-11-21,184.5511641381525,10.843324533801798,0
2023-11-22,200.71501091319922,9.498451325541993,1
2023-11-23,187.30754635017803,9.289918071447056,0
2023-11-24,182.46445753852007,8.144817085542755,0
2023-11-25,174.31342292450236,7.921554127053467,1
2023-11-26,152.15945493803153,6.671457236482061,0
2023-11-27,207.43782204236993,12.137601546797498,0
2023-11-28,162.33125886197305,7.368507927581248,0
2023-11-29,183.73586728948246,10.251397632672276,0
2023-11-30,191.08094158813026,14.755088155324781,0
2023-12-01,202.13845630965642,8.919662386556844,0
2023-12-02,204.71923137585893,12.947425005385208,0
2023-12-03,197.08178030994844,11.921788845560014,0
2023-12-04,170.39008577980525,11.30182346410823,1
2023-12-05,178.93513876255707,11.811595931635342,0
2023-12-06,193.87638244752293,10.39028627084743,0
2023-12-07,194.10559468891327,10.93506909309302,0
2023-12-08,224.25954058741453,9.343368300847812,1
2023-12-09,202.48834516159414,11.270237768859017,0
2023-12-10,197.85629956624058,9.549485178175662,0
2023-12-11,191.75518346901265,14.482518566488912,0
2023-12-12,201.73640179186307,6.528497022602831,0
2023-12-13,195.06129358452014,13.232583331523719,0
2023-12-14,181.10706738151592,12.962567773175198,0
2023-12-15,,12.855141485432895,0
2023-12-16,188.10555195460142,15.355729461885085,1
2023-12-17,181.6693600105219,11.589805098637425,0
2023-12-18,193.38551869672264,13.381175781775354,0
2023-12-19,205.4985702874747,7.632652759875803,0
2023-12-20,195.4663267141176,11.704388213899371,0
2023-12-21,208.0038901545783,15.686215117407666,0
2023-12-22,231.24252374297836,9.270744197288538,0
2023-12-23,204.31810892677115,13.937189625525368,0
2023-12-24,231.46324918560427,11.595594743782572,0
2023-12-25,195.9198833548986,13.465777432861305,0
2023-12-26,163.36715045369328,12.116653743283377,0
2023-12-27,209.30802962859997,10.399352144506386,0
2023-12-28,211.95510297624455,15.470455860068023,0
2023-12-29,,14.33536604523167,0
2023-12-30,213.68010329726826,16.49390675292552,0
2023-12-31,193.24029134070128,17.21129796981399,0
